-- ============================================================
--  RETAIL BANKING SCHEMA  (PostgreSQL syntax)
--  Hub table: ACCOUNT  (references customer, branch, product)
--
--  Relationship map (account is the centre):
--    customer (1) ──< account >── (1) branch
--                        │  (also referenced by branch ↑)
--                        └── (1) product
--    account (1) ──< card
--    account (1) ──< hist_transactional >── (1) branch
--
--  Load order = parent tables first, then the hub, then children.
-- ============================================================

-- Drop in reverse-dependency order so re-runs are clean
DROP TABLE IF EXISTS hist_transactional CASCADE;
DROP TABLE IF EXISTS card               CASCADE;
DROP TABLE IF EXISTS account            CASCADE;
DROP TABLE IF EXISTS product            CASCADE;
DROP TABLE IF EXISTS branch             CASCADE;
DROP TABLE IF EXISTS customer           CASCADE;

-- ============================================================
-- 1. CUSTOMER  (parent)
-- ============================================================
CREATE TABLE customer (
    cust_id       VARCHAR(10)   PRIMARY KEY,
    name          VARCHAR(100)  NOT NULL,
    address       VARCHAR(200),
    phone_number  VARCHAR(15)   NOT NULL,
    postal_code   VARCHAR(10),
    country       VARCHAR(50),
    email         VARCHAR(100)  UNIQUE,
    father_name   VARCHAR(100),
    mother_name   VARCHAR(100),
    occupation    VARCHAR(100),
    education     VARCHAR(50),
    nationality   VARCHAR(50)   NOT NULL,
    created_date  TIMESTAMP     NOT NULL DEFAULT CURRENT_TIMESTAMP,
    modified_date TIMESTAMP     NOT NULL DEFAULT CURRENT_TIMESTAMP
);

-- ============================================================
-- 2. BRANCH  (parent)
-- ============================================================
CREATE TABLE branch (
    branch_id     VARCHAR(10)   PRIMARY KEY,
    province    VARCHAR(50),
    cluster_name  VARCHAR(50),
    city_name     VARCHAR(50),
    branch_name   VARCHAR(100),
    created_date  TIMESTAMP     NOT NULL DEFAULT CURRENT_TIMESTAMP,
    modified_date TIMESTAMP     NOT NULL DEFAULT CURRENT_TIMESTAMP
);

-- ============================================================
-- 3. PRODUCT  (parent)
-- ============================================================
CREATE TABLE product (
    product_id    VARCHAR(10)   PRIMARY KEY,
    schm_type     VARCHAR(5),
    schm_code     VARCHAR(10),
    product_desc  VARCHAR(100),
    created_date  TIMESTAMP     NOT NULL DEFAULT CURRENT_TIMESTAMP,
    modified_date TIMESTAMP     NOT NULL DEFAULT CURRENT_TIMESTAMP
);

-- ============================================================
-- 4. ACCOUNT  (HUB / main table)
--    FK -> customer, branch, product
-- ============================================================
CREATE TABLE account (
    account_id      VARCHAR(10)   PRIMARY KEY,
    customer_id     VARCHAR(10)   NOT NULL,
    branch_id       VARCHAR(10)   NOT NULL,
    account_balance NUMERIC(15,2) NOT NULL DEFAULT 0.00,
    lien_amt        NUMERIC(15,2) NOT NULL DEFAULT 0.00,
    acct_cls_flg    CHAR(1)       NOT NULL DEFAULT 'N' CHECK (acct_cls_flg IN ('Y','N')),
    product_id      VARCHAR(10)   NOT NULL,
    schm_type       VARCHAR(5),
    schm_code       VARCHAR(10),
    acct_crncy_code VARCHAR(5)    NOT NULL DEFAULT 'NPR',
    acct_opn_date   DATE,
    created_date    TIMESTAMP     NOT NULL DEFAULT CURRENT_TIMESTAMP,
    modified_date   TIMESTAMP     NOT NULL DEFAULT CURRENT_TIMESTAMP,
    CONSTRAINT fk_account_customer FOREIGN KEY (customer_id) REFERENCES customer(cust_id),
    CONSTRAINT fk_account_branch   FOREIGN KEY (branch_id)   REFERENCES branch(branch_id),
    CONSTRAINT fk_account_product  FOREIGN KEY (product_id)  REFERENCES product(product_id)
);

-- ============================================================
-- 5. CARD  (child of account)
-- ============================================================
CREATE TABLE card (
    card_number      VARCHAR(20)   PRIMARY KEY,
    account_id       VARCHAR(10)   NOT NULL,
    balance          NUMERIC(15,2) NOT NULL DEFAULT 0.00,
    card_type        VARCHAR(10)   NOT NULL CHECK (card_type IN ('DEBIT','CREDIT')),
    closing_balance  NUMERIC(15,2),
    card_expiry_date DATE,
    created_date     TIMESTAMP     NOT NULL DEFAULT CURRENT_TIMESTAMP,
    modified_date    TIMESTAMP     NOT NULL DEFAULT CURRENT_TIMESTAMP,
    CONSTRAINT fk_card_account FOREIGN KEY (account_id) REFERENCES account(account_id)
);

-- ============================================================
-- 6. HIST_TRANSACTIONAL  (child of account + branch)
-- ============================================================
CREATE TABLE hist_transactional (
    tran_id         VARCHAR(12)   PRIMARY KEY,
    account_id      VARCHAR(10)   NOT NULL,
    tran_amount     NUMERIC(15,2) NOT NULL CHECK (tran_amount > 0),
    tran_date       DATE          NOT NULL,
    tran_crncy      VARCHAR(5)    NOT NULL,
    branch_id       VARCHAR(10)   NOT NULL,
    tran_particular VARCHAR(15)   NOT NULL CHECK (tran_particular IN ('IN_BRANCH','DIGITAL')),
    tran_remarks    VARCHAR(200),
    created_date    TIMESTAMP     NOT NULL DEFAULT CURRENT_TIMESTAMP,
    modified_date   TIMESTAMP     NOT NULL DEFAULT CURRENT_TIMESTAMP,
    CONSTRAINT fk_hist_account FOREIGN KEY (account_id) REFERENCES account(account_id),
    CONSTRAINT fk_hist_branch  FOREIGN KEY (branch_id)  REFERENCES branch(branch_id)
);

CREATE INDEX idx_tran_date    ON hist_transactional (tran_date);
CREATE INDEX idx_tran_account ON hist_transactional (account_id);

-- ============================================================
-- DATA LOADS (parent-first order)
-- ============================================================

INSERT INTO customer
    (cust_id,name,address,phone_number,postal_code,country,email,
     father_name,mother_name,occupation,education,nationality,created_date,modified_date)
VALUES
    ('C0001','Sunita Ghimire','566-C, Pokhara','9894374605','50535','Nepal','sunita.ghimire1@yahoo.com','Janak Ghimire','Devi Ghimire','Lawyer','Bachelor''s','Nepali','2021-03-28','2022-04-25'),
    ('C0002','Dipesh Thapa','792-C, Bhaktapur','9820709497','25256','Nepal','dipesh.thapa2@gmail.com','Jagat Thapa','Suman Thapa','Engineer','Primary','Nepali','2020-02-18','2023-04-01'),
    ('C0003','Binod Magar','380-C, Lalitpur','9838119557','53920','Nepal','binod.magar3@yahoo.com','Om Magar','Usha Magar','Professor','Primary','Nepali','2021-06-01','2024-12-22'),
    ('C0004','Arjun Basnet','474-D, Lalitpur','9846231783','51943','Nepal','arjun.basnet4@gmail.com','Rajesh Basnet','Laxmi Basnet','Merchant','Secondary','Nepali','2021-11-03','2023-08-29'),
    ('C0005','Om Bhattarai','825-C, Kathmandu','9863843426','27546','Nepal','om.bhattarai5@yahoo.com','Laxmi Bhattarai','Om Bhattarai','Nurse','Secondary','Nepali','2021-03-07','2026-02-03'),
    ('C0006','James Thomas','512-D, Nepalgunj','9896282117','40071','British','james.thomas6@gmail.com','Wei Thomas','Jane Thomas','Police Officer','Diploma','British','2018-10-13','2021-07-19'),
    ('C0007','Rajesh Basnet','599-D, Dhangadhi','9888320463','36175','Nepal','rajesh.basnet7@yahoo.com','Sunita Basnet','Uma Basnet','Software Engineer','Secondary','Nepali','2018-10-11','2024-06-28'),
    ('C0008','Mukesh Thapa','113-B, Itahari','9894214382','20484','Nepal','mukesh.thapa8@gmail.com','Yamuna Thapa','Jagat Thapa','Business Owner','Master''s','Nepali','2021-05-06','2021-09-13'),
    ('C0009','Devi Rai','258-E, Hetauda','9811540956','54583','Nepal','devi.rai9@yahoo.com','Himal Rai','Binod Rai','Merchant','Primary','Nepali','2021-10-28','2024-10-31'),
    ('C0010','Yamuna Dhakal','115-C, Birgunj','9868353204','20365','Nepal','yamuna.dhakal10@gmail.com','Yamuna Dhakal','Roshan Dhakal','Accountant','SLC','Nepali','2022-01-18','2026-01-30'),
    ('C0011','Uma Chaudhary','935-A, Hetauda','9893926371','29558','Nepal','uma.chaudhary11@yahoo.com','Yamuna Chaudhary','Arjun Chaudhary','Engineer','Secondary','Nepali','2018-11-10','2023-01-19'),
    ('C0012','Yamuna Joshi','544-A, Damak','9890388981','31243','Nepal','yamuna.joshi12@gmail.com','Sunita Joshi','Yamuna Joshi','Accountant','SLC','Nepali','2018-08-18','2022-09-12'),
    ('C0013','Yamuna Lama','900-E, Bhaktapur','9820570592','15613','Nepal','yamuna.lama13@yahoo.com','Laxmi Lama','Jagat Lama','Merchant','PhD','Nepali','2022-07-30','2022-12-18'),
    ('C0014','Yamuna Basnet','676-D, Lalitpur','9883793389','20821','Nepal','yamuna.basnet14@gmail.com','Yamuna Basnet','Sita Basnet','Professor','Master''s','Nepali','2019-03-10','2025-03-26'),
    ('C0015','Yamuna Pandey','688-C, Dharan','9868800797','43919','Nepal','yamuna.pandey15@yahoo.com','Dipesh Pandey','Vijay Pandey','Accountant','Primary','Nepali','2019-05-23','2021-11-28'),
    ('C0016','Wangchu Sharma','236-E, Hetauda','9839557077','10471','Nepal','wangchu.sharma16@gmail.com','Bimala Sharma','Chiranjibi Sharma','Nurse','SLC','Nepali','2019-04-14','2020-01-15'),
    ('C0017','Yamuna Bhattarai','527-B, Pokhara','9847376585','53842','Nepal','yamuna.bhattarai17@yahoo.com','Bimala Bhattarai','Yam Bhattarai','Accountant','Secondary','Nepali','2021-01-09','2021-10-06'),
    ('C0018','Rajesh Upreti','804-D, Bhaktapur','9864634663','22478','Nepal','rajesh.upreti18@gmail.com','Chiranjibi Upreti','Mukesh Upreti','Nurse','Primary','Nepali','2021-09-11','2024-02-10'),
    ('C0019','Usha Acharya','747-A, Itahari','9897705310','52348','Nepal','usha.acharya19@yahoo.com','Bikash Acharya','Binod Acharya','Nurse','SLC','Nepali','2020-04-04','2024-01-23'),
    ('C0020','Deepa Ghimire','550-D, Bhaktapur','9828814949','37648','Nepal','deepa.ghimire20@gmail.com','Laxmi Ghimire','Hari Ghimire','Police Officer','Diploma','Nepali','2020-08-05','2023-05-25'),
    ('C0021','Kavita Gupta','883-E, Bharatpur','9823141087','13315','Chinese','kavita.gupta21@yahoo.com','Ram Gupta','Priya Gupta','Farmer','SLC','Chinese','2018-07-11','2021-03-05'),
    ('C0022','Arjun Acharya','886-D, Bhaktapur','9817869910','20789','Nepal','arjun.acharya22@gmail.com','Mukesh Acharya','Mukesh Acharya','Army Officer','SLC','Nepali','2020-03-10','2023-03-01'),
    ('C0023','Janak Silwal','981-E, Dhangadhi','9898834863','57081','Nepal','janak.silwal23@yahoo.com','Vijay Silwal','Bikash Silwal','Accountant','+2','Nepali','2019-01-24','2022-05-23'),
    ('C0024','Robert Johnson','754-E, Janakpur','9818181586','59019','Australian','robert.johnson24@gmail.com','John Johnson','Sita Johnson','Software Engineer','SLC','Australian','2018-04-13','2024-10-30'),
    ('C0025','Hao Wang','874-E, Damak','9831130263','13727','Indian','hao.wang25@yahoo.com','Raj Wang','Zoe Wang','Doctor','Primary','Indian','2022-10-10','2023-10-25'),
    ('C0026','Wangchu Tamang','241-D, Itahari','9826090908','47334','Nepal','wangchu.tamang26@gmail.com','Wangchu Tamang','Suman Tamang','Government Officer','SLC','Nepali','2021-06-22','2021-12-06'),
    ('C0027','Bikash Upreti','958-C, Birgunj','9837415205','53891','Nepal','bikash.upreti27@yahoo.com','Chiranjibi Upreti','Furmaan Upreti','Merchant','Bachelor''s','Nepali','2019-05-04','2022-04-25'),
    ('C0028','Devi Bhandari','469-C, Biratnagar','9819736572','10610','Nepal','devi.bhandari28@gmail.com','Suman Bhandari','Roshan Bhandari','Accountant','Primary','Nepali','2018-05-31','2024-06-10'),
    ('C0029','Hari Chaudhary','358-A, Damak','9842787299','34217','Nepal','hari.chaudhary29@yahoo.com','Uma Chaudhary','Sita Chaudhary','Professor','+2','Nepali','2020-06-16','2023-11-07'),
    ('C0030','Rohit Patel','684-E, Kathmandu','9850181935','53475','Chinese','rohit.patel30@gmail.com','Oliver Patel','Zoe Patel','Nurse','+2','Chinese','2019-06-26','2020-10-10'),
    ('C0031','Noah Scott','279-C, Lalitpur','9891178885','23803','British','noah.scott31@yahoo.com','Ram Scott','Zoe Scott','Merchant','Bachelor''s','British','2019-02-21','2026-04-02'),
    ('C0032','Bimala Dhakal','928-A, Biratnagar','9822388090','51568','Nepal','bimala.dhakal32@gmail.com','Furmaan Dhakal','Mukesh Dhakal','Army Officer','Diploma','Nepali','2018-04-01','2018-04-15'),
    ('C0033','Yam Bhandari','760-D, Lalitpur','9884045292','56246','Nepal','yam.bhandari33@yahoo.com','Roshan Bhandari','Uma Bhandari','Army Officer','SLC','Nepali','2018-08-18','2019-06-22'),
    ('C0034','Hao Huang','855-C, Kathmandu','9888183110','46210','Chinese','hao.huang34@gmail.com','John Huang','Zoe Huang','Police Officer','Master''s','Chinese','2018-09-19','2019-03-09'),
    ('C0035','Vijay Oli','996-A, Bharatpur','9858024342','23767','Nepal','vijay.oli35@yahoo.com','Yamuna Oli','Janak Oli','Farmer','Secondary','Nepali','2021-09-27','2022-04-25'),
    ('C0036','Ying Zhang','896-D, Damak','9893303777','59117','Singaporean','ying.zhang36@gmail.com','Wei Zhang','Zoe Zhang','Police Officer','Secondary','Singaporean','2022-11-06','2023-10-04'),
    ('C0037','Lin Wang','184-C, Kathmandu','9865259205','53903','American','lin.wang37@yahoo.com','John Wang','Priya Wang','Engineer','Secondary','American','2019-07-01','2021-04-13'),
    ('C0038','Deepa Ghimire','880-D, Kathmandu','9839854548','23079','Nepal','deepa.ghimire38@gmail.com','Devi Ghimire','Bimala Ghimire','Engineer','PhD','Nepali','2019-12-18','2023-05-21'),
    ('C0039','Om Koirala','198-D, Nepalgunj','9854058573','28258','Nepal','om.koirala39@yahoo.com','Laxmi Koirala','Bimala Koirala','Engineer','Primary','Nepali','2022-05-03','2023-11-25'),
    ('C0040','Usha Magar','864-E, Nepalgunj','9854446182','11808','Nepal','usha.magar40@gmail.com','Furmaan Magar','Devi Magar','Nurse','Diploma','Nepali','2019-01-01','2025-07-06'),
    ('C0041','Uma Bhattarai','354-C, Dharan','9868571795','49728','Nepal','uma.bhattarai41@yahoo.com','Tara Bhattarai','Himal Bhattarai','Doctor','Primary','Nepali','2020-02-28','2022-04-16'),
    ('C0042','Uma Bhattarai','533-E, Kathmandu','9836445607','33869','Nepal','uma.bhattarai42@gmail.com','Dipesh Bhattarai','Bikash Bhattarai','Army Officer','Primary','Nepali','2021-09-22','2023-07-30'),
    ('C0043','Himal Sharma','738-C, Pokhara','9878064830','30269','Nepal','himal.sharma43@yahoo.com','Suman Sharma','Bimala Sharma','Farmer','Master''s','Nepali','2019-10-31','2024-05-05'),
    ('C0044','Dipesh Lama','431-D, Bhaktapur','9833357554','50338','Nepal','dipesh.lama44@gmail.com','Sunita Lama','Sita Lama','Banker','Diploma','Nepali','2020-04-11','2026-06-03'),
    ('C0045','Om Dahal','441-E, Bhaktapur','9891424737','52906','Nepal','om.dahal45@yahoo.com','Vijay Dahal','Vijay Dahal','Software Engineer','PhD','Nepali','2020-06-23','2025-06-08'),
    ('C0046','Suman Pandey','923-B, Bharatpur','9898429450','15557','Nepal','suman.pandey46@gmail.com','Furmaan Pandey','Mukesh Pandey','Professor','Bachelor''s','Nepali','2018-07-11','2021-02-27'),
    ('C0047','Suman Lama','151-A, Bhaktapur','9816202700','26046','Nepal','suman.lama47@yahoo.com','Laxmi Lama','Deepa Lama','Accountant','Primary','Nepali','2020-07-21','2025-03-14'),
    ('C0048','Yamuna Magar','714-D, Dhangadhi','9876354180','36191','Nepal','yamuna.magar48@gmail.com','Chiranjibi Magar','Hari Magar','Government Officer','+2','Nepali','2021-09-05','2025-07-14'),
    ('C0049','Bimala Ghimire','181-E, Bhaktapur','9872350830','13291','Nepal','bimala.ghimire49@yahoo.com','Yamuna Ghimire','Bikash Ghimire','Doctor','Secondary','Nepali','2022-10-04','2023-06-09'),
    ('C0050','Alice Martin','476-E, Bharatpur','9885017682','49023','Indian','alice.martin50@gmail.com','Raj Martin','Jane Martin','Software Engineer','PhD','Indian','2021-06-08','2026-01-02');

INSERT INTO branch (branch_id,province,cluster_name,city_name,branch_name,created_date,modified_date) VALUES
    ('BR001','Bagmati','Valley Cluster','Kathmandu','Kathmandu Main Branch','2015-08-30','2020-06-11'),
    ('BR002','Bagmati','Valley Cluster','Kathmandu','Kathmandu Extension Branch','2015-01-01','2018-07-27'),
    ('BR003','Gandaki','Western Cluster','Pokhara','Pokhara Main Branch','2015-04-29','2020-05-15'),
    ('BR004','Gandaki','Western Cluster','Pokhara','Pokhara Extension Branch','2012-11-27','2018-06-14'),
    ('BR005','Bagmati','Valley Cluster','Lalitpur','Lalitpur Main Branch','2013-02-09','2024-10-19'),
    ('BR006','Bagmati','Valley Cluster','Lalitpur','Lalitpur Extension Branch','2015-06-08','2022-06-18'),
    ('BR007','Bagmati','Valley Cluster','Bhaktapur','Bhaktapur Main Branch','2012-09-06','2018-11-03'),
    ('BR008','Bagmati','Valley Cluster','Bhaktapur','Bhaktapur Extension Branch','2014-12-07','2016-09-01'),
    ('BR009','Koshi','Eastern Cluster','Biratnagar','Biratnagar Main Branch','2013-03-16','2018-06-18'),
    ('BR010','Koshi','Eastern Cluster','Biratnagar','Biratnagar Extension Branch','2013-01-17','2020-07-30'),
    ('BR011','Madhesh','Terai Cluster','Birgunj','Birgunj Main Branch','2013-08-02','2025-09-12'),
    ('BR012','Madhesh','Terai Cluster','Birgunj','Birgunj Extension Branch','2010-11-27','2014-01-03'),
    ('BR013','Koshi','Eastern Cluster','Dharan','Dharan Main Branch','2011-09-10','2016-11-16'),
    ('BR014','Koshi','Eastern Cluster','Dharan','Dharan Extension Branch','2014-04-18','2017-09-20'),
    ('BR015','Lumbini','Mid-West Cluster','Butwal','Butwal Main Branch','2012-05-26','2013-11-03'),
    ('BR016','Lumbini','Mid-West Cluster','Butwal','Butwal Extension Branch','2014-08-27','2023-10-18'),
    ('BR017','Bagmati','Valley Cluster','Hetauda','Hetauda Main Branch','2013-09-17','2025-11-18'),
    ('BR018','Bagmati','Valley Cluster','Hetauda','Hetauda Extension Branch','2015-03-24','2024-07-20'),
    ('BR019','Madhesh','Terai Cluster','Janakpur','Janakpur Main Branch','2010-09-13','2015-05-04'),
    ('BR020','Madhesh','Terai Cluster','Janakpur','Janakpur Extension Branch','2014-09-17','2023-06-12'),
    ('BR021','Lumbini','Mid-West Cluster','Nepalgunj','Nepalgunj Main Branch','2010-03-22','2023-02-18'),
    ('BR022','Lumbini','Mid-West Cluster','Nepalgunj','Nepalgunj Extension Branch','2014-04-08','2024-12-18'),
    ('BR023','Sudurpashchim','Far-West Cluster','Dhangadhi','Dhangadhi Main Branch','2010-01-25','2017-12-15'),
    ('BR024','Sudurpashchim','Far-West Cluster','Dhangadhi','Dhangadhi Extension Branch','2013-05-08','2022-02-04'),
    ('BR025','Bagmati','Valley Cluster','Bharatpur','Bharatpur Main Branch','2014-09-13','2019-08-24'),
    ('BR026','Bagmati','Valley Cluster','Bharatpur','Bharatpur Extension Branch','2015-06-23','2017-12-07'),
    ('BR027','Koshi','Eastern Cluster','Itahari','Itahari Main Branch','2013-01-22','2022-11-01'),
    ('BR028','Koshi','Eastern Cluster','Itahari','Itahari Extension Branch','2015-06-13','2015-10-09'),
    ('BR029','Koshi','Eastern Cluster','Damak','Damak Main Branch','2014-05-12','2021-11-24'),
    ('BR030','Koshi','Eastern Cluster','Damak','Damak Extension Branch','2014-07-15','2018-03-28');

INSERT INTO product (product_id,schm_type,schm_code,product_desc,created_date,modified_date) VALUES
    ('PRD001','SA','SAV001','Regular Savings Account','2015-01-01','2025-06-25'),
    ('PRD002','SA','SAV002','Premium Savings Account','2015-01-01','2017-11-11'),
    ('PRD003','SA','SAV003','Junior Savings Account','2015-01-01','2015-08-09'),
    ('PRD004','CA','CUR001','Individual Current Account','2015-01-01','2023-11-02'),
    ('PRD005','CA','CUR002','Business Current Account','2015-01-01','2015-08-11'),
    ('PRD006','FD','FXD001','Fixed Deposit 3 Months','2015-01-01','2016-11-18'),
    ('PRD007','FD','FXD002','Fixed Deposit 6 Months','2015-01-01','2024-08-12'),
    ('PRD008','FD','FXD003','Fixed Deposit 12 Months','2015-01-01','2018-01-16'),
    ('PRD009','FD','FXD004','Fixed Deposit 24 Months','2015-01-01','2025-05-10'),
    ('PRD010','RD','REC001','Recurring Deposit Monthly','2015-01-01','2019-01-28'),
    ('PRD011','RD','REC002','Recurring Deposit Quarterly','2015-01-01','2016-02-16'),
    ('PRD012','LD','LON001','Personal Loan Account','2015-01-01','2020-11-01'),
    ('PRD013','LD','LON002','Home Loan Account','2015-01-01','2023-07-03'),
    ('PRD014','LD','LON003','Business Loan Account','2015-01-01','2022-05-05'),
    ('PRD015','LD','LON004','Hire Purchase Loan','2015-01-01','2019-09-30');

INSERT INTO account
    (account_id,customer_id,branch_id,account_balance,lien_amt,acct_cls_flg,
     product_id,schm_type,schm_code,acct_crncy_code,acct_opn_date,created_date,modified_date)
VALUES
    ('AC000001','C0030','BR011',190183.98,0.0,'N','PRD006','FD','FXD001','NPR','2015-08-29','2015-12-02','2021-03-11'),
    ('AC000002','C0002','BR024',476007.93,0.0,'Y','PRD009','FD','FXD004','NPR','2024-08-14','2015-06-14','2023-11-28'),
    ('AC000003','C0002','BR008',311046.49,0.0,'N','PRD004','CA','CUR001','NPR','2012-07-26','2021-04-29','2022-07-19'),
    ('AC000004','C0030','BR023',84726.78,0.0,'N','PRD005','CA','CUR002','NPR','2012-07-27','2023-09-21','2026-01-06'),
    ('AC000005','C0011','BR010',464514.7,0.0,'N','PRD002','SA','SAV002','NPR','2018-06-02','2019-06-13','2021-09-02'),
    ('AC000006','C0005','BR019',122181.84,0.0,'N','PRD012','LD','LON001','NPR','2025-05-07','2021-09-25','2026-04-01'),
    ('AC000007','C0008','BR026',174254.68,0.0,'N','PRD010','RD','REC001','NPR','2021-05-07','2022-04-06','2024-03-04'),
    ('AC000008','C0001','BR028',53663.9,0.0,'N','PRD007','FD','FXD002','NPR','2020-04-24','2022-12-07','2023-10-16'),
    ('AC000009','C0028','BR006',325578.25,0.0,'N','PRD012','LD','LON001','NPR','2020-11-04','2020-03-19','2025-02-05'),
    ('AC000010','C0047','BR019',123502.09,0.0,'N','PRD005','CA','CUR002','NPR','2020-02-10','2017-09-25','2026-02-23'),
    ('AC000011','C0030','BR019',168861.91,0.0,'N','PRD010','RD','REC001','NPR','2020-12-08','2017-05-18','2021-05-10'),
    ('AC000012','C0017','BR011',350890.69,0.0,'Y','PRD005','CA','CUR002','NPR','2014-04-15','2015-12-17','2018-08-31'),
    ('AC000013','C0047','BR014',120921.64,0.0,'N','PRD008','FD','FXD003','NPR','2020-01-20','2023-11-22','2023-12-09'),
    ('AC000014','C0006','BR010',122409.28,0.0,'N','PRD004','CA','CUR001','NPR','2022-06-01','2020-12-14','2022-11-18'),
    ('AC000015','C0028','BR024',351724.62,0.0,'N','PRD009','FD','FXD004','NPR','2012-09-15','2023-02-02','2024-03-02'),
    ('AC000016','C0021','BR004',381332.62,8251.45,'N','PRD012','LD','LON001','NPR','2026-04-02','2021-08-11','2025-11-14'),
    ('AC000017','C0034','BR020',416481.55,0.0,'N','PRD005','CA','CUR002','SGD','2016-10-12','2015-02-27','2017-12-29'),
    ('AC000018','C0018','BR002',349011.28,30310.28,'N','PRD001','SA','SAV001','NPR','2010-04-11','2021-06-09','2023-01-12'),
    ('AC000019','C0031','BR016',482783.32,0.0,'N','PRD008','FD','FXD003','NPR','2012-07-23','2015-09-25','2020-03-23'),
    ('AC000020','C0032','BR003',27750.93,1561.93,'N','PRD010','RD','REC001','NPR','2015-07-27','2016-04-30','2022-08-02'),
    ('AC000021','C0049','BR014',309590.76,0.0,'N','PRD010','RD','REC001','NPR','2019-12-06','2018-05-02','2024-12-06'),
    ('AC000022','C0028','BR010',305205.83,0.0,'N','PRD010','RD','REC001','NPR','2014-08-30','2022-01-06','2023-03-14'),
    ('AC000023','C0017','BR022',87732.96,23.47,'N','PRD002','SA','SAV002','NPR','2023-04-27','2020-04-08','2023-07-14'),
    ('AC000024','C0003','BR008',351790.79,0.0,'N','PRD005','CA','CUR002','NPR','2015-12-08','2023-11-01','2026-01-19'),
    ('AC000025','C0041','BR019',99711.79,2241.62,'Y','PRD011','RD','REC002','NPR','2015-12-17','2016-08-05','2017-05-24'),
    ('AC000026','C0004','BR006',374729.9,0.0,'N','PRD013','LD','LON002','NPR','2012-10-15','2020-04-03','2023-08-31'),
    ('AC000027','C0045','BR013',247403.81,986.17,'N','PRD005','CA','CUR002','NPR','2017-03-25','2021-10-08','2023-03-04'),
    ('AC000028','C0002','BR003',418143.35,0.0,'N','PRD004','CA','CUR001','INR','2025-01-29','2018-01-08','2024-06-25'),
    ('AC000029','C0003','BR025',259962.96,0.0,'N','PRD013','LD','LON002','NPR','2023-02-17','2019-11-21','2025-05-27'),
    ('AC000030','C0006','BR016',161208.07,2592.63,'N','PRD006','FD','FXD001','NPR','2021-02-10','2018-03-26','2025-08-29'),
    ('AC000031','C0026','BR027',227958.13,0.0,'N','PRD013','LD','LON002','NPR','2019-01-25','2020-10-08','2020-10-12'),
    ('AC000032','C0043','BR028',28047.84,0.0,'N','PRD009','FD','FXD004','NPR','2021-03-07','2022-01-05','2024-06-28'),
    ('AC000033','C0049','BR002',66375.6,0.0,'N','PRD004','CA','CUR001','NPR','2020-11-14','2016-05-12','2016-09-07'),
    ('AC000034','C0041','BR020',80030.7,0.0,'N','PRD013','LD','LON002','NPR','2012-02-03','2017-07-09','2018-10-16'),
    ('AC000035','C0030','BR004',249689.38,0.0,'N','PRD011','RD','REC002','NPR','2016-02-18','2019-08-29','2025-01-25'),
    ('AC000036','C0031','BR008',192409.42,0.0,'N','PRD008','FD','FXD003','NPR','2013-01-23','2015-10-13','2018-11-17'),
    ('AC000037','C0050','BR026',467189.95,0.0,'N','PRD014','LD','LON003','NPR','2016-05-06','2023-02-21','2024-10-24'),
    ('AC000038','C0038','BR019',75149.11,0.0,'N','PRD011','RD','REC002','NPR','2022-05-19','2023-07-22','2025-09-01'),
    ('AC000039','C0030','BR030',490406.54,0.0,'N','PRD006','FD','FXD001','NPR','2019-03-20','2015-06-28','2019-01-21'),
    ('AC000040','C0048','BR016',191234.34,0.0,'N','PRD012','LD','LON001','USD','2024-08-16','2016-09-15','2022-04-05'),
    ('AC000041','C0003','BR005',166665.36,14083.88,'Y','PRD009','FD','FXD004','INR','2020-04-01','2015-03-04','2018-05-27'),
    ('AC000042','C0027','BR028',38339.3,0.0,'N','PRD011','RD','REC002','INR','2023-12-24','2022-10-08','2024-12-30'),
    ('AC000043','C0042','BR003',337504.39,0.0,'N','PRD014','LD','LON003','NPR','2024-01-22','2023-01-22','2025-10-17'),
    ('AC000044','C0035','BR002',315949.35,0.0,'N','PRD010','RD','REC001','NPR','2012-01-11','2019-11-13','2020-12-20'),
    ('AC000045','C0049','BR021',222395.6,0.0,'N','PRD012','LD','LON001','NPR','2011-01-12','2018-08-21','2019-04-07'),
    ('AC000046','C0019','BR012',122854.52,0.0,'N','PRD006','FD','FXD001','NPR','2014-01-15','2016-11-27','2018-11-14'),
    ('AC000047','C0006','BR020',341884.16,0.0,'N','PRD014','LD','LON003','NPR','2015-03-18','2020-03-03','2023-01-07'),
    ('AC000048','C0030','BR009',402511.91,0.0,'N','PRD011','RD','REC002','NPR','2013-07-18','2015-10-30','2020-10-12'),
    ('AC000049','C0023','BR019',212730.16,0.0,'N','PRD005','CA','CUR002','NPR','2014-06-20','2019-04-25','2024-09-24'),
    ('AC000050','C0007','BR008',287831.15,0.0,'N','PRD007','FD','FXD002','NPR','2024-10-06','2019-06-10','2022-07-08'),
    ('AC000051','C0001','BR019',372589.75,22594.08,'N','PRD014','LD','LON003','NPR','2016-06-02','2023-09-13','2024-12-27'),
    ('AC000052','C0039','BR026',95875.86,0.0,'N','PRD006','FD','FXD001','NPR','2024-10-14','2022-08-20','2023-05-27'),
    ('AC000053','C0041','BR004',20671.86,0.0,'Y','PRD015','LD','LON004','NPR','2018-03-08','2023-03-19','2023-12-13'),
    ('AC000054','C0006','BR030',208336.04,0.0,'N','PRD005','CA','CUR002','NPR','2018-03-17','2020-12-14','2023-10-07'),
    ('AC000055','C0018','BR027',412520.22,0.0,'N','PRD003','SA','SAV003','NPR','2017-08-06','2016-04-16','2021-07-17'),
    ('AC000056','C0005','BR005',430210.16,0.0,'N','PRD013','LD','LON002','INR','2022-07-02','2019-02-07','2020-02-11'),
    ('AC000057','C0026','BR001',227938.23,0.0,'N','PRD005','CA','CUR002','NPR','2023-02-10','2019-04-10','2026-06-07'),
    ('AC000058','C0024','BR004',13487.3,0.0,'N','PRD011','RD','REC002','NPR','2023-09-07','2017-06-25','2024-09-28'),
    ('AC000059','C0005','BR021',350837.51,0.0,'Y','PRD014','LD','LON003','NPR','2011-01-07','2015-06-02','2018-10-30'),
    ('AC000060','C0032','BR004',269235.76,0.0,'N','PRD002','SA','SAV002','NPR','2025-08-15','2021-01-21','2023-05-29'),
    ('AC000061','C0038','BR024',208027.38,10179.76,'N','PRD012','LD','LON001','NPR','2016-04-10','2015-05-15','2023-02-09'),
    ('AC000062','C0024','BR007',118820.21,0.0,'N','PRD008','FD','FXD003','NPR','2018-03-29','2021-02-08','2026-02-28'),
    ('AC000063','C0042','BR012',95714.47,8116.9,'N','PRD001','SA','SAV001','NPR','2024-11-12','2017-05-18','2024-07-28'),
    ('AC000064','C0041','BR020',167421.07,0.0,'N','PRD001','SA','SAV001','NPR','2014-08-09','2015-10-09','2025-01-27'),
    ('AC000065','C0049','BR018',406713.44,0.0,'N','PRD004','CA','CUR001','NPR','2023-05-15','2015-01-12','2021-04-01'),
    ('AC000066','C0010','BR005',88074.06,0.0,'Y','PRD009','FD','FXD004','NPR','2010-05-02','2019-01-07','2021-09-07'),
    ('AC000067','C0038','BR011',27147.11,0.0,'N','PRD001','SA','SAV001','NPR','2011-06-05','2020-05-04','2025-05-14'),
    ('AC000068','C0050','BR012',226550.7,0.0,'N','PRD009','FD','FXD004','NPR','2026-04-24','2023-10-14','2026-05-01'),
    ('AC000069','C0043','BR017',482049.07,23089.28,'N','PRD005','CA','CUR002','NPR','2025-05-22','2016-03-18','2021-09-16'),
    ('AC000070','C0046','BR030',41314.45,0.0,'Y','PRD008','FD','FXD003','NPR','2016-03-02','2022-01-01','2025-07-20'),
    ('AC000071','C0038','BR018',497319.25,0.0,'N','PRD012','LD','LON001','NPR','2023-07-31','2019-10-29','2020-12-08'),
    ('AC000072','C0045','BR004',438975.4,0.0,'N','PRD014','LD','LON003','NPR','2019-08-25','2020-01-24','2022-08-16'),
    ('AC000073','C0027','BR011',208578.84,8901.39,'N','PRD014','LD','LON003','NPR','2018-05-25','2016-09-17','2024-05-31'),
    ('AC000074','C0031','BR003',47521.82,3510.89,'N','PRD002','SA','SAV002','NPR','2022-06-24','2015-09-03','2022-04-01'),
    ('AC000075','C0036','BR018',205993.51,0.0,'N','PRD006','FD','FXD001','NPR','2019-06-27','2023-02-01','2023-05-17'),
    ('AC000076','C0019','BR020',289381.34,0.0,'N','PRD005','CA','CUR002','NPR','2015-01-12','2016-03-19','2020-02-21'),
    ('AC000077','C0036','BR012',287475.9,0.0,'N','PRD002','SA','SAV002','NPR','2023-12-12','2021-11-18','2025-08-31'),
    ('AC000078','C0042','BR018',329257.78,0.0,'Y','PRD001','SA','SAV001','NPR','2016-02-17','2022-11-18','2024-08-11'),
    ('AC000079','C0022','BR012',72482.49,0.0,'Y','PRD001','SA','SAV001','NPR','2024-03-14','2015-05-06','2016-05-15'),
    ('AC000080','C0048','BR017',227369.25,7085.68,'N','PRD004','CA','CUR001','NPR','2022-09-24','2021-09-08','2022-02-28'),
    ('AC000081','C0004','BR005',25831.48,1144.63,'N','PRD003','SA','SAV003','NPR','2023-08-14','2019-12-16','2024-08-07'),
    ('AC000082','C0018','BR007',173241.25,11749.53,'N','PRD013','LD','LON002','NPR','2021-10-26','2022-06-25','2024-03-17'),
    ('AC000083','C0003','BR008',28336.2,0.0,'N','PRD007','FD','FXD002','SGD','2013-01-29','2023-07-28','2025-01-01'),
    ('AC000084','C0019','BR011',373760.05,14210.64,'N','PRD002','SA','SAV002','NPR','2021-03-22','2021-04-07','2025-12-08'),
    ('AC000085','C0043','BR026',431020.42,807.8,'N','PRD006','FD','FXD001','NPR','2017-01-08','2021-06-16','2023-11-12'),
    ('AC000086','C0037','BR013',145468.09,0.0,'N','PRD012','LD','LON001','NPR','2013-11-08','2023-12-27','2025-09-19'),
    ('AC000087','C0030','BR027',44976.81,0.0,'N','PRD012','LD','LON001','EUR','2023-03-18','2019-06-29','2025-05-14'),
    ('AC000088','C0006','BR013',170417.13,0.0,'N','PRD014','LD','LON003','NPR','2021-06-13','2022-02-06','2022-09-27'),
    ('AC000089','C0034','BR017',175338.26,0.0,'N','PRD004','CA','CUR001','USD','2013-04-24','2017-08-25','2018-10-20'),
    ('AC000090','C0010','BR009',77282.02,0.0,'Y','PRD004','CA','CUR001','NPR','2024-02-01','2020-07-16','2025-09-28'),
    ('AC000091','C0049','BR019',340885.61,0.0,'N','PRD013','LD','LON002','NPR','2024-01-04','2018-08-16','2025-08-28'),
    ('AC000092','C0021','BR005',221661.82,0.0,'N','PRD008','FD','FXD003','NPR','2011-04-06','2018-12-12','2024-08-20'),
    ('AC000093','C0005','BR010',29388.14,0.0,'Y','PRD008','FD','FXD003','NPR','2012-01-10','2021-11-24','2025-03-24'),
    ('AC000094','C0033','BR013',477161.51,0.0,'Y','PRD008','FD','FXD003','NPR','2022-10-28','2022-04-23','2023-05-13'),
    ('AC000095','C0021','BR020',478903.46,0.0,'N','PRD008','FD','FXD003','NPR','2017-09-14','2023-01-04','2023-06-25'),
    ('AC000096','C0033','BR021',354103.23,0.0,'N','PRD003','SA','SAV003','NPR','2023-09-05','2016-10-12','2020-11-10'),
    ('AC000097','C0024','BR030',387457.93,0.0,'Y','PRD005','CA','CUR002','NPR','2024-02-25','2022-04-05','2024-02-19'),
    ('AC000098','C0005','BR011',193895.54,0.0,'N','PRD002','SA','SAV002','NPR','2023-07-09','2016-09-07','2020-06-03'),
    ('AC000099','C0006','BR019',175560.57,0.0,'N','PRD011','RD','REC002','NPR','2018-10-16','2016-06-12','2023-02-13'),
    ('AC000100','C0046','BR003',322103.14,0.0,'Y','PRD005','CA','CUR002','NPR','2025-10-06','2023-04-15','2026-03-28'),
    ('AC000101','C0006','BR021',181552.22,0.0,'N','PRD011','RD','REC002','NPR','2014-10-21','2018-10-31','2024-04-13'),
    ('AC000102','C0013','BR008',148600.26,0.0,'N','PRD003','SA','SAV003','NPR','2022-02-08','2023-04-14','2026-03-27'),
    ('AC000103','C0003','BR022',309397.7,0.0,'N','PRD006','FD','FXD001','NPR','2014-01-21','2022-10-08','2026-04-09'),
    ('AC000104','C0011','BR024',182785.41,0.0,'N','PRD008','FD','FXD003','NPR','2023-09-11','2018-03-13','2023-03-25'),
    ('AC000105','C0015','BR018',404503.31,0.0,'N','PRD004','CA','CUR001','NPR','2018-04-02','2022-08-10','2025-10-21'),
    ('AC000106','C0029','BR015',191554.34,0.0,'N','PRD013','LD','LON002','NPR','2014-06-24','2023-12-26','2025-09-05'),
    ('AC000107','C0009','BR028',240814.74,0.0,'N','PRD005','CA','CUR002','NPR','2025-12-15','2020-10-14','2022-03-08'),
    ('AC000108','C0019','BR003',225210.29,0.0,'N','PRD013','LD','LON002','NPR','2012-01-22','2017-06-28','2022-07-19'),
    ('AC000109','C0023','BR030',198830.53,0.0,'N','PRD001','SA','SAV001','NPR','2011-10-31','2019-03-16','2021-09-20'),
    ('AC000110','C0002','BR011',357637.43,0.0,'Y','PRD015','LD','LON004','NPR','2010-11-10','2018-03-21','2023-07-08'),
    ('AC000111','C0045','BR027',235085.95,0.0,'N','PRD003','SA','SAV003','NPR','2010-06-05','2017-11-14','2020-04-15'),
    ('AC000112','C0010','BR018',212204.12,0.0,'N','PRD012','LD','LON001','NPR','2012-09-25','2015-07-15','2018-03-17'),
    ('AC000113','C0027','BR021',32340.77,0.0,'N','PRD013','LD','LON002','NPR','2022-01-09','2015-03-09','2020-08-10'),
    ('AC000114','C0046','BR005',307789.98,0.0,'N','PRD005','CA','CUR002','NPR','2024-11-25','2022-06-30','2022-12-22'),
    ('AC000115','C0034','BR012',272496.9,0.0,'N','PRD002','SA','SAV002','AUD','2010-06-16','2019-05-19','2024-08-25'),
    ('AC000116','C0003','BR021',127571.48,10059.27,'N','PRD007','FD','FXD002','SGD','2026-06-10','2022-05-15','2025-11-21'),
    ('AC000117','C0007','BR025',166926.79,9114.43,'N','PRD010','RD','REC001','NPR','2013-12-05','2023-09-27','2025-08-28'),
    ('AC000118','C0030','BR023',405937.34,31508.47,'N','PRD008','FD','FXD003','NPR','2016-07-31','2017-04-05','2017-10-01'),
    ('AC000119','C0013','BR029',155727.87,0.0,'N','PRD001','SA','SAV001','NPR','2020-08-14','2017-11-03','2018-04-01'),
    ('AC000120','C0049','BR021',431207.13,28275.6,'N','PRD004','CA','CUR001','NPR','2018-04-03','2019-11-25','2024-05-20'),
    ('AC000121','C0048','BR015',170179.28,11777.57,'N','PRD015','LD','LON004','AUD','2021-08-24','2017-12-28','2018-12-01'),
    ('AC000122','C0047','BR014',497553.98,14616.47,'Y','PRD002','SA','SAV002','NPR','2017-05-10','2022-05-31','2024-01-26'),
    ('AC000123','C0020','BR015',84155.74,0.0,'N','PRD010','RD','REC001','NPR','2026-04-21','2018-12-15','2025-11-06'),
    ('AC000124','C0028','BR009',474004.28,30218.37,'N','PRD011','RD','REC002','SGD','2025-03-28','2016-10-17','2017-02-21'),
    ('AC000125','C0010','BR028',219648.24,5183.6,'N','PRD010','RD','REC001','NPR','2018-02-14','2019-04-18','2025-08-27'),
    ('AC000126','C0003','BR020',474462.94,0.0,'N','PRD003','SA','SAV003','NPR','2022-11-15','2016-07-17','2022-06-24'),
    ('AC000127','C0024','BR013',125556.21,9236.85,'N','PRD006','FD','FXD001','NPR','2018-09-06','2021-04-19','2021-12-16'),
    ('AC000128','C0017','BR025',108070.64,0.0,'N','PRD005','CA','CUR002','NPR','2021-01-06','2017-03-30','2018-08-14'),
    ('AC000129','C0009','BR028',449440.84,0.0,'Y','PRD002','SA','SAV002','NPR','2025-04-18','2018-08-02','2026-01-27'),
    ('AC000130','C0023','BR023',145890.78,0.0,'N','PRD002','SA','SAV002','NPR','2025-11-30','2022-11-08','2026-06-06'),
    ('AC000131','C0012','BR026',61559.87,0.0,'Y','PRD006','FD','FXD001','NPR','2021-01-30','2015-04-18','2023-05-22'),
    ('AC000132','C0036','BR019',491522.97,43462.74,'Y','PRD006','FD','FXD001','NPR','2018-12-06','2023-01-15','2025-09-21'),
    ('AC000133','C0034','BR014',287875.35,9126.45,'Y','PRD013','LD','LON002','NPR','2020-06-13','2022-08-17','2025-07-11'),
    ('AC000134','C0023','BR005',276100.42,0.0,'N','PRD015','LD','LON004','NPR','2012-11-23','2019-11-08','2025-06-28'),
    ('AC000135','C0004','BR027',152758.15,14278.88,'N','PRD002','SA','SAV002','NPR','2021-08-21','2018-03-09','2019-01-26'),
    ('AC000136','C0017','BR007',137951.07,0.0,'N','PRD011','RD','REC002','AUD','2012-02-05','2020-08-20','2022-07-11'),
    ('AC000137','C0038','BR019',312615.11,0.0,'N','PRD003','SA','SAV003','NPR','2022-08-23','2015-06-18','2024-09-18'),
    ('AC000138','C0002','BR003',385740.16,0.0,'N','PRD001','SA','SAV001','AUD','2022-10-31','2019-09-03','2020-01-05'),
    ('AC000139','C0032','BR029',321311.74,0.0,'N','PRD011','RD','REC002','NPR','2025-05-13','2019-07-22','2022-11-21'),
    ('AC000140','C0030','BR003',220363.14,0.0,'N','PRD012','LD','LON001','NPR','2023-08-10','2016-08-11','2020-02-12'),
    ('AC000141','C0046','BR011',173339.91,0.0,'N','PRD012','LD','LON001','AED','2021-07-20','2021-04-19','2021-11-22'),
    ('AC000142','C0021','BR008',225348.41,1140.38,'N','PRD008','FD','FXD003','NPR','2023-10-21','2019-09-09','2022-06-21'),
    ('AC000143','C0011','BR027',360843.09,5749.76,'N','PRD006','FD','FXD001','GBP','2020-06-21','2020-08-04','2024-01-19'),
    ('AC000144','C0032','BR001',253216.79,0.0,'N','PRD002','SA','SAV002','AUD','2017-11-30','2015-07-19','2016-02-11'),
    ('AC000145','C0019','BR016',327475.76,0.0,'N','PRD010','RD','REC001','NPR','2012-05-30','2019-11-01','2021-05-02'),
    ('AC000146','C0017','BR024',183602.74,0.0,'N','PRD006','FD','FXD001','NPR','2014-05-14','2019-01-24','2025-04-08'),
    ('AC000147','C0019','BR003',382437.65,0.0,'N','PRD007','FD','FXD002','NPR','2025-04-05','2021-11-07','2022-07-08'),
    ('AC000148','C0009','BR004',493407.04,0.0,'N','PRD007','FD','FXD002','NPR','2013-03-27','2017-03-26','2023-12-27'),
    ('AC000149','C0033','BR013',20418.07,0.0,'N','PRD009','FD','FXD004','NPR','2021-08-25','2020-02-15','2021-10-17'),
    ('AC000150','C0039','BR029',465753.0,0.0,'N','PRD009','FD','FXD004','NPR','2023-10-30','2023-04-17','2024-12-19');

INSERT INTO card
    (card_number,account_id,balance,card_type,closing_balance,card_expiry_date,created_date,modified_date)
VALUES
    ('4470-9734-6608-9950','AC000087',38599.49,'CREDIT',27827.32,'2026-12-18','2023-06-03','2026-02-18'),
    ('4196-5038-5571-5890','AC000130',48645.53,'CREDIT',14477.62,'2027-03-29','2023-12-14','2024-07-13'),
    ('4706-9011-6194-8861','AC000131',46685.02,'CREDIT',37133.51,'2027-01-25','2021-08-12','2022-04-18'),
    ('4587-9899-7220-7464','AC000137',47730.44,'DEBIT',NULL,'2025-08-22','2021-08-17','2021-11-11'),
    ('4294-2294-6674-8247','AC000126',37366.92,'DEBIT',NULL,'2026-05-26','2021-02-17','2025-10-09'),
    ('4551-5442-5450-3249','AC000145',37044.55,'CREDIT',8864.1,'2024-07-26','2023-10-03','2026-04-16'),
    ('4543-4697-4814-1860','AC000077',16514.68,'CREDIT',7801.6,'2025-07-17','2020-01-11','2026-03-14'),
    ('4951-3587-7666-8793','AC000122',9972.8,'DEBIT',NULL,'2027-03-22','2021-10-19','2023-05-26'),
    ('4661-1969-2465-4804','AC000005',36155.88,'DEBIT',NULL,'2024-06-01','2020-12-24','2023-04-28'),
    ('4903-3880-1595-7504','AC000095',9315.58,'DEBIT',NULL,'2027-03-31','2024-11-30','2025-01-07'),
    ('4009-5888-2758-6489','AC000085',49454.97,'CREDIT',26868.91,'2029-07-16','2024-12-26','2025-05-12'),
    ('4871-9261-8668-5470','AC000029',5632.34,'CREDIT',915.22,'2029-02-22','2023-08-20','2025-01-27'),
    ('4735-4050-1230-6523','AC000107',28389.06,'DEBIT',NULL,'2026-03-02','2020-12-25','2024-05-29'),
    ('4876-7643-8007-9442','AC000079',20041.66,'CREDIT',1911.68,'2025-07-29','2022-09-04','2024-06-27'),
    ('4958-5064-1111-5272','AC000007',22336.78,'CREDIT',5963.79,'2027-09-12','2021-09-10','2024-12-15'),
    ('4740-1187-5285-6890','AC000143',3106.22,'DEBIT',NULL,'2025-04-29','2022-08-11','2024-04-30'),
    ('4163-7642-9233-6095','AC000068',31935.57,'DEBIT',NULL,'2027-04-23','2022-01-22','2025-07-03'),
    ('4226-4590-3188-8834','AC000059',37386.74,'CREDIT',22646.6,'2028-08-30','2023-12-08','2025-06-22'),
    ('4934-8714-9806-4578','AC000014',34017.1,'DEBIT',NULL,'2030-09-06','2024-11-23','2025-02-14'),
    ('4538-8319-9653-6927','AC000123',28208.44,'CREDIT',1742.1,'2030-02-21','2022-11-01','2023-12-20'),
    ('4586-9792-3455-3695','AC000044',26017.08,'CREDIT',3024.23,'2026-04-21','2024-01-08','2025-08-27'),
    ('4500-2489-9361-8298','AC000098',22671.62,'DEBIT',NULL,'2029-10-03','2022-04-30','2024-11-20'),
    ('4577-1945-8575-6049','AC000038',19797.44,'DEBIT',NULL,'2024-01-13','2024-03-07','2024-10-16'),
    ('4592-2196-1742-7941','AC000106',3188.0,'CREDIT',3169.27,'2024-10-09','2022-08-24','2022-10-27'),
    ('4293-7698-3948-3218','AC000088',48916.66,'DEBIT',NULL,'2028-09-17','2022-02-05','2024-03-29'),
    ('4459-7184-7154-2314','AC000032',33089.63,'DEBIT',NULL,'2030-01-17','2020-09-29','2024-08-23'),
    ('4121-3924-9802-7439','AC000142',36392.91,'DEBIT',NULL,'2026-07-01','2024-09-05','2024-09-08'),
    ('4774-1372-5888-8585','AC000074',27222.27,'DEBIT',NULL,'2029-12-18','2022-02-15','2023-05-31'),
    ('4253-8546-6671-3541','AC000135',46870.52,'CREDIT',33982.25,'2025-04-07','2020-03-06','2024-11-17'),
    ('4629-1256-4943-4376','AC000090',29697.21,'CREDIT',13258.05,'2024-07-18','2021-05-16','2025-07-10'),
    ('4045-7590-8191-4839','AC000015',37719.29,'DEBIT',NULL,'2024-08-19','2020-10-13','2026-06-07'),
    ('4296-4836-6224-6253','AC000025',43812.92,'CREDIT',43186.2,'2029-11-05','2021-03-28','2023-07-22'),
    ('4307-5508-1998-3869','AC000003',21360.03,'DEBIT',NULL,'2029-07-23','2020-04-06','2024-02-15'),
    ('4964-7244-9592-6222','AC000057',20412.96,'DEBIT',NULL,'2027-05-13','2022-02-09','2023-02-20'),
    ('4772-9813-8758-4948','AC000041',15036.82,'DEBIT',NULL,'2025-08-14','2024-07-08','2025-10-25'),
    ('4936-1944-7761-7824','AC000054',6704.64,'DEBIT',NULL,'2026-09-21','2021-06-06','2022-07-27'),
    ('4338-2295-8369-7079','AC000020',36229.24,'CREDIT',6901.0,'2027-01-04','2022-02-11','2025-11-21'),
    ('4619-1647-2192-4082','AC000053',29379.18,'DEBIT',NULL,'2030-04-08','2021-03-20','2023-11-26'),
    ('4213-6455-5967-1251','AC000089',9501.18,'CREDIT',7044.89,'2029-05-15','2021-05-11','2025-04-04'),
    ('4618-4350-7498-4921','AC000027',38775.69,'DEBIT',NULL,'2028-04-08','2022-08-12','2025-08-08'),
    ('4664-6886-6053-5285','AC000113',44140.6,'CREDIT',20569.7,'2029-04-07','2024-04-08','2025-03-01'),
    ('4936-4328-7073-6126','AC000065',28126.24,'DEBIT',NULL,'2026-06-25','2024-02-27','2024-07-25'),
    ('4016-5272-7841-5836','AC000100',16493.26,'CREDIT',6264.8,'2026-10-03','2022-10-19','2025-11-19'),
    ('4670-6530-5216-9005','AC000147',32084.72,'DEBIT',NULL,'2029-07-02','2022-08-01','2023-07-11'),
    ('4750-6770-3773-3293','AC000061',24415.82,'DEBIT',NULL,'2030-01-29','2023-08-07','2023-12-05'),
    ('4536-1554-2217-1794','AC000141',20619.61,'DEBIT',NULL,'2026-08-05','2020-05-19','2022-01-27'),
    ('4009-4583-9285-8471','AC000094',30891.76,'CREDIT',20597.23,'2030-11-30','2022-09-16','2026-05-28'),
    ('4499-1257-1108-9719','AC000008',592.55,'DEBIT',NULL,'2029-12-08','2024-01-19','2024-10-26'),
    ('4548-5697-1280-9228','AC000091',33701.65,'DEBIT',NULL,'2026-01-04','2020-08-07','2021-09-05'),
    ('4536-3439-4948-4144','AC000018',12620.91,'DEBIT',NULL,'2027-12-22','2021-07-01','2025-12-15'),
    ('4406-2294-7112-7652','AC000067',12160.39,'DEBIT',NULL,'2026-07-14','2021-09-06','2025-07-07'),
    ('4847-2320-1519-2531','AC000111',18858.48,'DEBIT',NULL,'2029-05-03','2020-04-24','2020-06-01'),
    ('4719-3807-2354-9189','AC000072',32245.36,'DEBIT',NULL,'2027-09-18','2023-03-04','2023-09-15'),
    ('4916-9653-1697-4764','AC000042',43405.84,'CREDIT',38525.04,'2029-05-01','2021-07-09','2021-10-12'),
    ('4946-2218-5593-9897','AC000140',1645.09,'DEBIT',NULL,'2027-07-12','2020-02-02','2022-05-30'),
    ('4601-3362-7525-2260','AC000062',28197.91,'CREDIT',15979.64,'2028-05-12','2023-10-18','2026-04-23'),
    ('4553-6435-7288-3292','AC000134',34465.53,'DEBIT',NULL,'2024-11-17','2022-10-22','2024-09-29'),
    ('4054-2600-8161-4803','AC000049',17029.64,'DEBIT',NULL,'2030-11-19','2023-05-04','2025-07-24'),
    ('4992-6347-1485-5478','AC000116',22527.51,'DEBIT',NULL,'2026-07-23','2021-12-29','2025-02-03'),
    ('4963-7150-8075-4043','AC000023',33033.6,'DEBIT',NULL,'2024-12-17','2024-04-30','2026-01-23');

-- hist_transactional batch 1
INSERT INTO hist_transactional
    (tran_id,account_id,tran_amount,tran_date,tran_crncy,branch_id,tran_particular,tran_remarks,created_date,modified_date)
VALUES
    ('TXN000291','AC000141',163101.42,'2021-01-01','AED','BR030','DIGITAL','QR payment at merchant','2021-01-01','2024-05-05'),
    ('TXN000279','AC000018',859.62,'2021-01-02','NPR','BR017','DIGITAL','Dividend credit','2021-01-02','2023-02-17'),
    ('TXN000353','AC000034',3650.4,'2021-01-09','NPR','BR007','IN_BRANCH','Cash deposit at branch counter','2021-01-09','2024-11-16'),
    ('TXN000262','AC000121',140.75,'2021-01-19','AUD','BR018','DIGITAL','IME Pay transfer','2021-01-19','2022-09-10'),
    ('TXN000380','AC000139',2940.18,'2021-01-23','NPR','BR026','DIGITAL','Dividend credit','2021-01-23','2026-02-21'),
    ('TXN000388','AC000098',26357.06,'2021-01-25','NPR','BR022','IN_BRANCH','KYC update transaction','2021-01-25','2023-03-18'),
    ('TXN000273','AC000014',3366.8,'2021-01-31','NPR','BR028','IN_BRANCH','Loan EMI payment at branch','2021-01-31','2024-05-12'),
    ('TXN000087','AC000139',6709.33,'2021-02-10','NPR','BR010','DIGITAL','Mobile banking transfer','2021-02-10','2022-12-21'),
    ('TXN000250','AC000086',1868.71,'2021-02-10','NPR','BR009','DIGITAL','ConnectIPS transfer','2021-02-10','2025-12-22'),
    ('TXN000184','AC000098',10102.72,'2021-02-20','NPR','BR030','DIGITAL','UPI transfer','2021-02-20','2025-06-16'),
    ('TXN000120','AC000089',4204.5,'2021-02-26','USD','BR006','IN_BRANCH','Cheque deposit at branch','2021-02-26','2025-12-10'),
    ('TXN000320','AC000096',4275.43,'2021-03-08','NPR','BR006','DIGITAL','Mobile banking transfer','2021-03-08','2026-05-16'),
    ('TXN000097','AC000148',15152.0,'2021-03-10','NPR','BR021','IN_BRANCH','Account transfer at branch','2021-03-10','2022-08-26'),
    ('TXN000398','AC000111',3108.43,'2021-03-13','NPR','BR007','IN_BRANCH','Demand draft issuance','2021-03-13','2025-04-11'),
    ('TXN000445','AC000082',719.72,'2021-03-13','NPR','BR019','DIGITAL','ConnectIPS transfer','2021-03-13','2022-01-09'),
    ('TXN000112','AC000089',22237.57,'2021-03-18','USD','BR029','IN_BRANCH','Fixed deposit creation','2021-03-18','2022-01-06'),
    ('TXN000293','AC000071',2812.95,'2021-03-19','NPR','BR030','DIGITAL','eSewa payment','2021-03-19','2021-12-27'),
    ('TXN000412','AC000107',159665.86,'2021-03-25','NPR','BR006','IN_BRANCH','Demand draft issuance','2021-03-25','2023-05-04'),
    ('TXN000322','AC000126',1691.99,'2021-03-27','NPR','BR023','DIGITAL','UPI transfer','2021-03-27','2023-05-15'),
    ('TXN000061','AC000030',3729.82,'2021-04-05','NPR','BR008','DIGITAL','Direct bank transfer','2021-04-05','2026-06-02'),
    ('TXN000078','AC000024',80632.79,'2021-04-14','NPR','BR029','IN_BRANCH','Demand draft issuance','2021-04-14','2023-09-18'),
    ('TXN000371','AC000104',725.02,'2021-04-19','NPR','BR028','IN_BRANCH','Account opening deposit','2021-04-19','2025-11-24'),
    ('TXN000050','AC000078',2636.97,'2021-04-22','NPR','BR007','DIGITAL','IME Pay transfer','2021-04-22','2022-08-25'),
    ('TXN000160','AC000131',1113.57,'2021-04-22','NPR','BR018','DIGITAL','UPI transfer','2021-04-22','2023-11-08'),
    ('TXN000334','AC000072',3180.31,'2021-04-23','NPR','BR020','DIGITAL','Mobile banking transfer','2021-04-23','2022-02-14'),
    ('TXN000285','AC000093',45069.49,'2021-04-30','NPR','BR018','DIGITAL','QR payment at merchant','2021-04-30','2024-04-17'),
    ('TXN000173','AC000069',3949.11,'2021-05-08','NPR','BR025','DIGITAL','QR payment at merchant','2021-05-08','2022-06-29'),
    ('TXN000411','AC000083',4826.99,'2021-05-10','SGD','BR027','IN_BRANCH','Cheque deposit at branch','2021-05-10','2025-08-08'),
    ('TXN000046','AC000098',44352.5,'2021-05-21','NPR','BR025','DIGITAL','Mobile banking transfer','2021-05-21','2024-10-21'),
    ('TXN000421','AC000059',23567.38,'2021-05-31','NPR','BR004','DIGITAL','Salary credit','2021-05-31','2021-09-19'),
    ('TXN000284','AC000019',14394.01,'2021-06-13','NPR','BR001','DIGITAL','POS terminal payment','2021-06-13','2021-10-15'),
    ('TXN000432','AC000070',29410.04,'2021-06-15','NPR','BR023','DIGITAL','ConnectIPS transfer','2021-06-15','2025-07-30'),
    ('TXN000042','AC000078',4384.67,'2021-06-18','NPR','BR006','IN_BRANCH','Cheque deposit at branch','2021-06-18','2021-10-02'),
    ('TXN000428','AC000101',4067.61,'2021-06-20','NPR','BR016','DIGITAL','Mobile banking transfer','2021-06-20','2025-05-09'),
    ('TXN000017','AC000039',123858.76,'2021-06-25','NPR','BR012','IN_BRANCH','Cheque deposit at branch','2021-06-25','2023-06-08'),
    ('TXN000056','AC000017',3523.51,'2021-06-26','SGD','BR010','DIGITAL','Internet banking payment','2021-06-26','2024-01-10'),
    ('TXN000101','AC000101',2793.35,'2021-06-29','NPR','BR019','IN_BRANCH','Demand draft issuance','2021-06-29','2024-03-08'),
    ('TXN000370','AC000078',4722.33,'2021-07-02','NPR','BR030','DIGITAL','ATM withdrawal','2021-07-02','2024-05-12'),
    ('TXN000267','AC000048',1482.36,'2021-07-04','NPR','BR004','IN_BRANCH','KYC update transaction','2021-07-04','2022-09-21'),
    ('TXN000217','AC000052',4312.0,'2021-07-17','NPR','BR017','IN_BRANCH','Demand draft issuance','2021-07-17','2024-11-26'),
    ('TXN000286','AC000011',286150.93,'2021-07-18','NPR','BR024','IN_BRANCH','DD payment at branch','2021-07-18','2024-07-10'),
    ('TXN000352','AC000124',18966.83,'2021-07-21','SGD','BR024','DIGITAL','Dividend credit','2021-07-21','2025-05-06'),
    ('TXN000137','AC000002',3694.66,'2021-07-30','NPR','BR021','IN_BRANCH','Demand draft issuance','2021-07-30','2023-04-17'),
    ('TXN000151','AC000043',37688.77,'2021-08-01','NPR','BR004','DIGITAL','ATM withdrawal','2021-08-01','2024-04-15'),
    ('TXN000093','AC000047',41396.5,'2021-08-02','NPR','BR020','DIGITAL','eSewa payment','2021-08-02','2023-06-11'),
    ('TXN000233','AC000050',4655.6,'2021-08-07','NPR','BR015','DIGITAL','Dividend credit','2021-08-07','2023-04-01'),
    ('TXN000095','AC000115',1399.54,'2021-08-10','AUD','BR001','DIGITAL','Mobile banking transfer','2021-08-10','2023-10-09'),
    ('TXN000019','AC000018',318.95,'2021-08-12','NPR','BR010','DIGITAL','eSewa payment','2021-08-12','2025-10-06'),
    ('TXN000335','AC000009',2932.65,'2021-08-12','NPR','BR022','DIGITAL','eSewa payment','2021-08-12','2022-07-08'),
    ('TXN000423','AC000070',1745.87,'2021-08-16','NPR','BR007','DIGITAL','Salary credit','2021-08-16','2023-12-20'),
    ('TXN000030','AC000118',3738.34,'2021-08-22','NPR','BR019','IN_BRANCH','Account opening deposit','2021-08-22','2026-04-04'),
    ('TXN000032','AC000009',43799.12,'2021-08-29','NPR','BR015','DIGITAL','Fonepay transfer','2021-08-29','2022-11-01'),
    ('TXN000063','AC000064',4587.69,'2021-09-02','NPR','BR014','DIGITAL','Remittance received','2021-09-02','2021-12-18'),
    ('TXN000073','AC000138',4826.71,'2021-09-03','AUD','BR012','IN_BRANCH','Loan EMI payment at branch','2021-09-03','2026-04-22'),
    ('TXN000401','AC000018',22299.69,'2021-09-06','NPR','BR018','DIGITAL','Remittance received','2021-09-06','2023-09-11'),
    ('TXN000218','AC000010',3940.95,'2021-09-24','NPR','BR029','DIGITAL','Dividend credit','2021-09-24','2026-05-15'),
    ('TXN000383','AC000074',504.3,'2021-09-29','NPR','BR016','DIGITAL','QR payment at merchant','2021-09-29','2023-03-09'),
    ('TXN000203','AC000039',45114.8,'2021-10-02','NPR','BR012','DIGITAL','Dividend credit','2021-10-02','2022-04-05'),
    ('TXN000057','AC000015',3363.79,'2021-10-09','NPR','BR010','DIGITAL','eSewa payment','2021-10-09','2024-07-21'),
    ('TXN000434','AC000094',36719.61,'2021-10-11','NPR','BR006','DIGITAL','Fonepay transfer','2021-10-11','2024-10-20'),
    ('TXN000172','AC000074',4251.78,'2021-10-25','NPR','BR029','IN_BRANCH','Cash deposit at branch counter','2021-10-25','2022-12-08'),
    ('TXN000005','AC000134',3458.05,'2021-10-26','NPR','BR006','IN_BRANCH','Fixed deposit creation','2021-10-26','2023-05-14'),
    ('TXN000205','AC000036',30486.51,'2021-10-27','NPR','BR015','DIGITAL','Salary credit','2021-10-27','2023-10-31'),
    ('TXN000107','AC000009',192871.78,'2021-10-29','NPR','BR017','IN_BRANCH','KYC update transaction','2021-10-29','2022-10-18'),
    ('TXN000104','AC000012',2254.73,'2021-11-06','NPR','BR009','DIGITAL','POS terminal payment','2021-11-06','2022-05-23'),
    ('TXN000266','AC000117',2318.56,'2021-11-08','NPR','BR020','IN_BRANCH','Account opening deposit','2021-11-08','2021-12-23'),
    ('TXN000179','AC000150',1349.58,'2021-11-11','NPR','BR028','DIGITAL','ATM withdrawal','2021-11-11','2022-02-23'),
    ('TXN000444','AC000074',42770.09,'2021-11-11','NPR','BR006','IN_BRANCH','Cash withdrawal at branch','2021-11-11','2022-02-03'),
    ('TXN000191','AC000073',4640.79,'2021-11-17','NPR','BR025','DIGITAL','eSewa payment','2021-11-17','2026-01-24'),
    ('TXN000099','AC000124',47409.96,'2021-11-18','SGD','BR023','IN_BRANCH','Account transfer at branch','2021-11-18','2023-01-12'),
    ('TXN000156','AC000003',4678.42,'2021-12-05','NPR','BR021','IN_BRANCH','KYC update transaction','2021-12-05','2023-09-22'),
    ('TXN000140','AC000059',3663.13,'2021-12-13','NPR','BR008','IN_BRANCH','Cash deposit at branch counter','2021-12-13','2024-01-20'),
    ('TXN000362','AC000117',248.29,'2021-12-16','NPR','BR016','IN_BRANCH','Account transfer at branch','2021-12-16','2025-05-06'),
    ('TXN000259','AC000139',25018.58,'2021-12-29','NPR','BR030','DIGITAL','Salary credit','2021-12-29','2025-07-13'),
    ('TXN000321','AC000070',1190.52,'2021-12-29','NPR','BR014','DIGITAL','Salary credit','2021-12-29','2025-06-14'),
    ('TXN000224','AC000071',2047.53,'2022-01-02','NPR','BR022','IN_BRANCH','Account opening deposit','2022-01-02','2024-09-18'),
    ('TXN000215','AC000044',32038.14,'2022-01-08','NPR','BR008','DIGITAL','Dividend credit','2022-01-08','2023-07-03'),
    ('TXN000265','AC000073',41396.58,'2022-01-09','NPR','BR021','IN_BRANCH','Cash withdrawal at branch','2022-01-09','2025-08-05'),
    ('TXN000376','AC000047',2596.13,'2022-01-16','NPR','BR015','DIGITAL','Mobile banking transfer','2022-01-16','2025-04-13'),
    ('TXN000079','AC000102',244.46,'2022-01-19','NPR','BR016','IN_BRANCH','KYC update transaction','2022-01-19','2022-11-19'),
    ('TXN000163','AC000036',37470.44,'2022-01-20','NPR','BR027','IN_BRANCH','Fixed deposit creation','2022-01-20','2023-04-06'),
    ('TXN000086','AC000008',3532.75,'2022-01-21','NPR','BR023','DIGITAL','IME Pay transfer','2022-01-21','2024-10-25'),
    ('TXN000404','AC000028',3475.33,'2022-01-24','INR','BR021','IN_BRANCH','DD payment at branch','2022-01-24','2022-03-16'),
    ('TXN000185','AC000096',25050.61,'2022-01-30','NPR','BR017','IN_BRANCH','Cash withdrawal at branch','2022-01-30','2022-08-14'),
    ('TXN000177','AC000095',38230.51,'2022-02-01','NPR','BR025','IN_BRANCH','Cheque deposit at branch','2022-02-01','2025-11-30'),
    ('TXN000077','AC000022',68747.72,'2022-02-09','NPR','BR019','DIGITAL','Salary credit','2022-02-09','2022-10-30'),
    ('TXN000010','AC000084',141254.52,'2022-02-14','NPR','BR013','DIGITAL','Dividend credit','2022-02-14','2023-02-17'),
    ('TXN000282','AC000134',42583.87,'2022-02-18','NPR','BR022','IN_BRANCH','DD payment at branch','2022-02-18','2022-09-08'),
    ('TXN000033','AC000090',3582.69,'2022-02-28','NPR','BR028','DIGITAL','IME Pay transfer','2022-02-28','2022-06-29'),
    ('TXN000435','AC000030',195030.27,'2022-03-06','NPR','BR021','DIGITAL','IME Pay transfer','2022-03-06','2023-06-10'),
    ('TXN000039','AC000092',410.32,'2022-03-10','NPR','BR028','DIGITAL','ConnectIPS transfer','2022-03-10','2023-10-11'),
    ('TXN000292','AC000005',51643.2,'2022-03-16','NPR','BR017','DIGITAL','Mobile banking transfer','2022-03-16','2026-01-26'),
    ('TXN000425','AC000148',4289.52,'2022-03-20','NPR','BR018','DIGITAL','UPI transfer','2022-03-20','2024-10-22'),
    ('TXN000298','AC000079',301.79,'2022-03-29','NPR','BR017','IN_BRANCH','Fixed deposit creation','2022-03-29','2024-09-26'),
    ('TXN000181','AC000018',2575.19,'2022-03-30','NPR','BR026','DIGITAL','POS terminal payment','2022-03-30','2024-02-07'),
    ('TXN000076','AC000027',10466.28,'2022-04-01','NPR','BR026','IN_BRANCH','Fixed deposit creation','2022-04-01','2024-05-02'),
    ('TXN000091','AC000045',36210.52,'2022-04-03','NPR','BR023','DIGITAL','UPI transfer','2022-04-03','2023-03-28'),
    ('TXN000020','AC000063',189962.68,'2022-04-20','NPR','BR017','DIGITAL','POS terminal payment','2022-04-20','2023-05-02'),
    ('TXN000106','AC000134',4831.58,'2022-04-28','NPR','BR014','DIGITAL','Internet banking payment','2022-04-28','2024-07-14'),
    ('TXN000183','AC000030',210566.45,'2022-05-15','NPR','BR022','DIGITAL','POS terminal payment','2022-05-15','2024-03-02');

-- hist_transactional batch 2
INSERT INTO hist_transactional
    (tran_id,account_id,tran_amount,tran_date,tran_crncy,branch_id,tran_particular,tran_remarks,created_date,modified_date)
VALUES
    ('TXN000301','AC000125',13825.27,'2022-05-20','NPR','BR013','IN_BRANCH','Loan EMI payment at branch','2022-05-20','2024-10-16'),
    ('TXN000257','AC000068',860.84,'2022-05-22','NPR','BR020','DIGITAL','Salary credit','2022-05-22','2025-11-25'),
    ('TXN000270','AC000004',146200.09,'2022-05-22','NPR','BR004','DIGITAL','Mobile banking transfer','2022-05-22','2023-07-03'),
    ('TXN000239','AC000052',3703.6,'2022-05-27','NPR','BR008','DIGITAL','ConnectIPS transfer','2022-05-27','2023-04-11'),
    ('TXN000328','AC000046',2992.55,'2022-05-28','NPR','BR015','IN_BRANCH','Cheque deposit at branch','2022-05-28','2026-06-07'),
    ('TXN000176','AC000107',4881.53,'2022-05-30','NPR','BR026','IN_BRANCH','KYC update transaction','2022-05-30','2023-09-03'),
    ('TXN000188','AC000007',3612.65,'2022-05-31','NPR','BR015','DIGITAL','ATM withdrawal','2022-05-31','2023-09-09'),
    ('TXN000392','AC000106',35847.79,'2022-05-31','NPR','BR004','IN_BRANCH','Cash deposit at branch counter','2022-05-31','2025-11-19'),
    ('TXN000122','AC000003',4566.43,'2022-06-01','NPR','BR016','DIGITAL','QR payment at merchant','2022-06-01','2026-05-30'),
    ('TXN000312','AC000078',4980.37,'2022-06-12','NPR','BR008','DIGITAL','Remittance received','2022-06-12','2022-08-11'),
    ('TXN000244','AC000004',31145.79,'2022-06-16','NPR','BR022','IN_BRANCH','Loan EMI payment at branch','2022-06-16','2023-10-14'),
    ('TXN000153','AC000034',4609.95,'2022-06-20','NPR','BR016','DIGITAL','Mobile banking transfer','2022-06-20','2026-06-01'),
    ('TXN000059','AC000031',4509.5,'2022-06-23','NPR','BR025','DIGITAL','ATM withdrawal','2022-06-23','2025-12-29'),
    ('TXN000144','AC000031',658.66,'2022-06-23','NPR','BR010','DIGITAL','Fonepay transfer','2022-06-23','2024-06-25'),
    ('TXN000149','AC000036',273632.01,'2022-07-04','NPR','BR022','DIGITAL','Internet banking payment','2022-07-04','2024-08-05'),
    ('TXN000121','AC000147',43570.15,'2022-07-06','NPR','BR025','DIGITAL','Dividend credit','2022-07-06','2022-08-16'),
    ('TXN000238','AC000020',26445.52,'2022-07-06','NPR','BR018','IN_BRANCH','DD payment at branch','2022-07-06','2025-04-22'),
    ('TXN000002','AC000082',622.1,'2022-07-07','NPR','BR012','IN_BRANCH','Cash withdrawal at branch','2022-07-07','2023-07-25'),
    ('TXN000134','AC000125',3192.06,'2022-07-15','NPR','BR011','IN_BRANCH','Cheque deposit at branch','2022-07-15','2025-10-07'),
    ('TXN000029','AC000126',505.09,'2022-07-17','NPR','BR006','IN_BRANCH','Loan EMI payment at branch','2022-07-17','2023-06-26'),
    ('TXN000178','AC000020',4816.13,'2022-07-26','NPR','BR006','DIGITAL','eSewa payment','2022-07-26','2023-06-20'),
    ('TXN000210','AC000002',4421.97,'2022-07-30','NPR','BR017','IN_BRANCH','Cheque deposit at branch','2022-07-30','2023-06-17'),
    ('TXN000100','AC000049',3516.26,'2022-07-31','NPR','BR014','IN_BRANCH','Cash withdrawal at branch','2022-07-31','2022-11-09'),
    ('TXN000343','AC000086',2846.04,'2022-07-31','NPR','BR012','IN_BRANCH','Cash withdrawal at branch','2022-07-31','2024-04-21'),
    ('TXN000221','AC000026',26471.88,'2022-08-04','NPR','BR014','DIGITAL','Dividend credit','2022-08-04','2024-11-17'),
    ('TXN000307','AC000005',2956.72,'2022-08-05','NPR','BR013','IN_BRANCH','Demand draft issuance','2022-08-05','2024-02-11'),
    ('TXN000049','AC000064',16168.27,'2022-08-07','NPR','BR009','DIGITAL','Online bill payment','2022-08-07','2022-09-30'),
    ('TXN000438','AC000017',25604.88,'2022-08-14','SGD','BR007','DIGITAL','Internet banking payment','2022-08-14','2023-03-25'),
    ('TXN000381','AC000121',23946.3,'2022-08-16','AUD','BR019','IN_BRANCH','Demand draft issuance','2022-08-16','2024-04-29'),
    ('TXN000011','AC000141',4769.72,'2022-08-20','AED','BR001','DIGITAL','Internet banking payment','2022-08-20','2024-12-04'),
    ('TXN000382','AC000145',400.95,'2022-08-21','NPR','BR009','DIGITAL','ATM withdrawal','2022-08-21','2022-10-15'),
    ('TXN000440','AC000139',20602.16,'2022-08-21','NPR','BR030','IN_BRANCH','Cash deposit at branch counter','2022-08-21','2023-12-09'),
    ('TXN000437','AC000135',701.28,'2022-08-22','NPR','BR027','DIGITAL','ConnectIPS transfer','2022-08-22','2026-05-31'),
    ('TXN000034','AC000146',92095.17,'2022-08-23','NPR','BR012','IN_BRANCH','Loan EMI payment at branch','2022-08-23','2025-07-11'),
    ('TXN000123','AC000071',4487.87,'2022-09-11','NPR','BR014','DIGITAL','UPI transfer','2022-09-11','2026-03-11'),
    ('TXN000317','AC000038',293224.04,'2022-09-14','NPR','BR024','DIGITAL','Remittance received','2022-09-14','2026-04-10'),
    ('TXN000065','AC000084',2810.15,'2022-09-15','NPR','BR003','DIGITAL','Fonepay transfer','2022-09-15','2025-04-22'),
    ('TXN000305','AC000038',17946.54,'2022-09-17','NPR','BR028','DIGITAL','Mobile banking transfer','2022-09-17','2024-07-27'),
    ('TXN000408','AC000012',3536.35,'2022-09-22','NPR','BR008','DIGITAL','Internet banking payment','2022-09-22','2025-04-13'),
    ('TXN000360','AC000146',555.29,'2022-09-28','NPR','BR005','DIGITAL','Online bill payment','2022-09-28','2025-05-08'),
    ('TXN000354','AC000023',7077.24,'2022-10-02','NPR','BR011','IN_BRANCH','Loan EMI payment at branch','2022-10-02','2026-05-02'),
    ('TXN000045','AC000034',447.06,'2022-10-04','NPR','BR016','IN_BRANCH','Loan EMI payment at branch','2022-10-04','2023-07-11'),
    ('TXN000198','AC000040',2877.62,'2022-10-04','USD','BR019','IN_BRANCH','DD payment at branch','2022-10-04','2026-05-08'),
    ('TXN000349','AC000100',43906.85,'2022-10-07','NPR','BR006','DIGITAL','QR payment at merchant','2022-10-07','2025-01-31'),
    ('TXN000253','AC000147',4259.61,'2022-10-11','NPR','BR013','DIGITAL','Online bill payment','2022-10-11','2024-04-10'),
    ('TXN000085','AC000100',4682.51,'2022-10-14','NPR','BR012','DIGITAL','Online bill payment','2022-10-14','2024-10-17'),
    ('TXN000008','AC000086',4095.83,'2022-10-19','NPR','BR014','DIGITAL','Online bill payment','2022-10-19','2023-12-04'),
    ('TXN000088','AC000052',37262.48,'2022-10-25','NPR','BR026','IN_BRANCH','Cheque deposit at branch','2022-10-25','2026-02-07'),
    ('TXN000071','AC000075',46671.96,'2022-10-31','NPR','BR009','IN_BRANCH','Loan EMI payment at branch','2022-10-31','2024-02-21'),
    ('TXN000197','AC000061',1497.17,'2022-11-04','NPR','BR004','DIGITAL','QR payment at merchant','2022-11-04','2026-02-12'),
    ('TXN000447','AC000118',234624.01,'2022-11-10','NPR','BR030','DIGITAL','QR payment at merchant','2022-11-10','2025-07-07'),
    ('TXN000396','AC000083',893.63,'2022-11-13','SGD','BR009','DIGITAL','QR payment at merchant','2022-11-13','2024-05-08'),
    ('TXN000431','AC000119',43717.36,'2022-11-13','NPR','BR023','DIGITAL','QR payment at merchant','2022-11-13','2025-04-03'),
    ('TXN000299','AC000148',541.41,'2022-11-20','NPR','BR017','IN_BRANCH','Demand draft issuance','2022-11-20','2023-02-28'),
    ('TXN000226','AC000115',3526.63,'2022-11-25','AUD','BR026','DIGITAL','ATM withdrawal','2022-11-25','2023-03-11'),
    ('TXN000365','AC000054',3500.89,'2022-12-02','NPR','BR027','DIGITAL','Fonepay transfer','2022-12-02','2023-11-21'),
    ('TXN000044','AC000020',3009.03,'2022-12-05','NPR','BR005','DIGITAL','UPI transfer','2022-12-05','2025-04-17'),
    ('TXN000209','AC000065',15031.24,'2022-12-08','NPR','BR013','DIGITAL','Salary credit','2022-12-08','2026-04-28'),
    ('TXN000311','AC000064',2694.14,'2022-12-12','NPR','BR030','DIGITAL','ConnectIPS transfer','2022-12-12','2026-06-14'),
    ('TXN000232','AC000018',257441.37,'2022-12-14','NPR','BR030','IN_BRANCH','Loan EMI payment at branch','2022-12-14','2024-03-21'),
    ('TXN000302','AC000083',4628.28,'2022-12-15','SGD','BR022','IN_BRANCH','Account transfer at branch','2022-12-15','2026-04-14'),
    ('TXN000356','AC000071',174.76,'2022-12-19','NPR','BR004','DIGITAL','QR payment at merchant','2022-12-19','2023-10-04'),
    ('TXN000096','AC000113',12486.06,'2022-12-21','NPR','BR024','DIGITAL','Internet banking payment','2022-12-21','2025-08-28'),
    ('TXN000289','AC000103',1753.81,'2022-12-23','NPR','BR017','DIGITAL','Dividend credit','2022-12-23','2024-10-17'),
    ('TXN000014','AC000138',8825.1,'2022-12-29','AUD','BR020','IN_BRANCH','Demand draft issuance','2022-12-29','2023-03-29'),
    ('TXN000251','AC000051',34211.24,'2022-12-29','NPR','BR019','IN_BRANCH','Account opening deposit','2022-12-29','2025-09-22'),
    ('TXN000074','AC000011',4196.03,'2022-12-30','NPR','BR007','IN_BRANCH','Cash deposit at branch counter','2022-12-30','2024-09-02'),
    ('TXN000361','AC000121',4742.5,'2023-01-15','AUD','BR008','IN_BRANCH','Account transfer at branch','2023-01-15','2024-11-10'),
    ('TXN000402','AC000086',7484.71,'2023-01-19','NPR','BR022','DIGITAL','ConnectIPS transfer','2023-01-19','2023-07-02'),
    ('TXN000433','AC000015',4732.08,'2023-01-19','NPR','BR017','DIGITAL','Mobile banking transfer','2023-01-19','2025-02-05'),
    ('TXN000060','AC000020',2330.47,'2023-01-24','NPR','BR016','IN_BRANCH','Cash withdrawal at branch','2023-01-24','2026-04-13'),
    ('TXN000118','AC000015',262.05,'2023-01-25','NPR','BR008','DIGITAL','Dividend credit','2023-01-25','2025-04-16'),
    ('TXN000436','AC000083',4499.87,'2023-02-03','SGD','BR012','IN_BRANCH','KYC update transaction','2023-02-03','2025-11-25'),
    ('TXN000116','AC000114',4575.82,'2023-02-05','NPR','BR007','DIGITAL','Dividend credit','2023-02-05','2023-12-27'),
    ('TXN000016','AC000057',3759.58,'2023-02-06','NPR','BR017','IN_BRANCH','Demand draft issuance','2023-02-06','2025-11-26'),
    ('TXN000124','AC000102',28018.61,'2023-02-06','NPR','BR019','DIGITAL','ATM withdrawal','2023-02-06','2024-09-06'),
    ('TXN000216','AC000043',3459.4,'2023-02-14','NPR','BR024','IN_BRANCH','Cash withdrawal at branch','2023-02-14','2023-03-19'),
    ('TXN000007','AC000118',5305.52,'2023-02-18','NPR','BR004','DIGITAL','ConnectIPS transfer','2023-02-18','2025-08-07'),
    ('TXN000329','AC000032',659.41,'2023-02-26','NPR','BR003','DIGITAL','Dividend credit','2023-02-26','2024-01-19'),
    ('TXN000403','AC000118',3855.89,'2023-02-26','NPR','BR025','DIGITAL','QR payment at merchant','2023-02-26','2025-05-04'),
    ('TXN000167','AC000033',1998.29,'2023-02-27','NPR','BR004','DIGITAL','ATM withdrawal','2023-02-27','2024-07-19'),
    ('TXN000155','AC000025',16186.72,'2023-02-28','NPR','BR014','IN_BRANCH','Account opening deposit','2023-02-28','2023-06-19'),
    ('TXN000082','AC000092',2768.14,'2023-03-07','NPR','BR016','IN_BRANCH','Cash deposit at branch counter','2023-03-07','2024-12-19'),
    ('TXN000036','AC000034',19495.03,'2023-03-16','NPR','BR008','DIGITAL','ATM withdrawal','2023-03-16','2024-09-16'),
    ('TXN000327','AC000129',980.88,'2023-03-17','NPR','BR004','DIGITAL','Salary credit','2023-03-17','2023-05-07'),
    ('TXN000193','AC000003',4386.36,'2023-03-19','NPR','BR018','DIGITAL','Internet banking payment','2023-03-19','2024-12-02'),
    ('TXN000372','AC000092',43955.72,'2023-03-19','NPR','BR004','DIGITAL','Online bill payment','2023-03-19','2025-05-10'),
    ('TXN000263','AC000060',135.37,'2023-03-20','NPR','BR026','IN_BRANCH','Fixed deposit creation','2023-03-20','2025-05-02'),
    ('TXN000344','AC000077',2794.97,'2023-03-23','NPR','BR017','DIGITAL','ATM withdrawal','2023-03-23','2023-05-21'),
    ('TXN000237','AC000091',2724.69,'2023-03-29','NPR','BR017','DIGITAL','UPI transfer','2023-03-29','2025-02-26'),
    ('TXN000228','AC000068',231123.95,'2023-04-01','NPR','BR008','DIGITAL','Dividend credit','2023-04-01','2024-11-07'),
    ('TXN000157','AC000062',7266.73,'2023-04-06','NPR','BR011','DIGITAL','Internet banking payment','2023-04-06','2025-11-01'),
    ('TXN000127','AC000036',123901.86,'2023-04-09','NPR','BR024','IN_BRANCH','Cash deposit at branch counter','2023-04-09','2026-06-23'),
    ('TXN000446','AC000096',125390.64,'2023-04-09','NPR','BR015','DIGITAL','IME Pay transfer','2023-04-09','2024-01-31'),
    ('TXN000281','AC000049',3447.8,'2023-04-20','NPR','BR017','DIGITAL','Internet banking payment','2023-04-20','2023-11-03'),
    ('TXN000168','AC000071',4821.61,'2023-04-26','NPR','BR013','DIGITAL','Remittance received','2023-04-26','2026-03-10'),
    ('TXN000115','AC000035',4873.68,'2023-05-04','NPR','BR010','DIGITAL','Internet banking payment','2023-05-04','2024-05-22'),
    ('TXN000143','AC000108',28414.4,'2023-05-08','NPR','BR022','DIGITAL','Internet banking payment','2023-05-08','2026-03-20'),
    ('TXN000245','AC000069',4796.78,'2023-05-09','NPR','BR016','DIGITAL','ConnectIPS transfer','2023-05-09','2025-05-25'),
    ('TXN000068','AC000097',101299.39,'2023-05-10','NPR','BR028','DIGITAL','Mobile banking transfer','2023-05-10','2024-02-25');

-- hist_transactional batch 3
INSERT INTO hist_transactional
    (tran_id,account_id,tran_amount,tran_date,tran_crncy,branch_id,tran_particular,tran_remarks,created_date,modified_date)
VALUES
    ('TXN000110','AC000118',4379.98,'2023-05-10','NPR','BR030','IN_BRANCH','Cheque deposit at branch','2023-05-10','2024-03-08'),
    ('TXN000242','AC000131',2049.61,'2023-05-17','NPR','BR009','DIGITAL','Dividend credit','2023-05-17','2023-07-22'),
    ('TXN000031','AC000094',4130.79,'2023-05-21','NPR','BR018','IN_BRANCH','DD payment at branch','2023-05-21','2025-01-19'),
    ('TXN000135','AC000041',3947.53,'2023-05-30','INR','BR016','DIGITAL','Salary credit','2023-05-30','2025-07-23'),
    ('TXN000015','AC000145',238170.94,'2023-06-01','NPR','BR021','IN_BRANCH','Cash withdrawal at branch','2023-06-01','2024-11-11'),
    ('TXN000070','AC000025',754.22,'2023-06-10','NPR','BR017','DIGITAL','eSewa payment','2023-06-10','2024-10-06'),
    ('TXN000418','AC000046',3383.7,'2023-06-10','NPR','BR006','IN_BRANCH','Demand draft issuance','2023-06-10','2025-12-24'),
    ('TXN000108','AC000043',155844.3,'2023-06-11','NPR','BR007','IN_BRANCH','Cheque deposit at branch','2023-06-11','2024-11-20'),
    ('TXN000018','AC000080',2331.13,'2023-06-17','NPR','BR011','DIGITAL','Salary credit','2023-06-17','2025-03-31'),
    ('TXN000303','AC000007',204055.63,'2023-06-25','NPR','BR025','DIGITAL','Salary credit','2023-06-25','2023-09-24'),
    ('TXN000357','AC000073',1299.64,'2023-06-28','NPR','BR019','IN_BRANCH','Cash deposit at branch counter','2023-06-28','2026-02-16'),
    ('TXN000331','AC000046',23881.76,'2023-07-03','NPR','BR025','IN_BRANCH','Cheque deposit at branch','2023-07-03','2024-02-28'),
    ('TXN000384','AC000004',646.59,'2023-07-04','NPR','BR024','IN_BRANCH','Cheque deposit at branch','2023-07-04','2024-12-20'),
    ('TXN000214','AC000005',3625.78,'2023-07-09','NPR','BR029','DIGITAL','Salary credit','2023-07-09','2026-03-21'),
    ('TXN000314','AC000107',24191.5,'2023-07-09','NPR','BR008','DIGITAL','Fonepay transfer','2023-07-09','2024-04-17'),
    ('TXN000021','AC000048',22801.81,'2023-07-10','NPR','BR021','DIGITAL','Direct bank transfer','2023-07-10','2023-07-19'),
    ('TXN000072','AC000020',766.95,'2023-07-10','NPR','BR007','DIGITAL','Direct bank transfer','2023-07-10','2024-03-13'),
    ('TXN000161','AC000085',3860.34,'2023-07-16','NPR','BR018','IN_BRANCH','DD payment at branch','2023-07-16','2023-07-20'),
    ('TXN000422','AC000112',1159.21,'2023-07-27','NPR','BR005','DIGITAL','POS terminal payment','2023-07-27','2025-07-30'),
    ('TXN000235','AC000145',3872.84,'2023-08-02','NPR','BR016','DIGITAL','UPI transfer','2023-08-02','2023-09-27'),
    ('TXN000390','AC000070',1424.6,'2023-08-03','NPR','BR011','DIGITAL','Online bill payment','2023-08-03','2024-12-10'),
    ('TXN000199','AC000112',11044.63,'2023-08-06','NPR','BR009','DIGITAL','IME Pay transfer','2023-08-06','2025-04-22'),
    ('TXN000366','AC000020',4661.23,'2023-08-07','NPR','BR024','IN_BRANCH','Cash withdrawal at branch','2023-08-07','2026-02-03'),
    ('TXN000326','AC000043',222488.55,'2023-08-08','NPR','BR014','DIGITAL','Salary credit','2023-08-08','2024-02-09'),
    ('TXN000147','AC000026',1353.87,'2023-08-09','NPR','BR029','IN_BRANCH','Cheque deposit at branch','2023-08-09','2023-10-28'),
    ('TXN000064','AC000046',4041.26,'2023-08-11','NPR','BR008','DIGITAL','IME Pay transfer','2023-08-11','2025-05-08'),
    ('TXN000129','AC000077',932.93,'2023-08-23','NPR','BR028','IN_BRANCH','Loan EMI payment at branch','2023-08-23','2024-08-31'),
    ('TXN000247','AC000143',13823.65,'2023-08-27','GBP','BR014','DIGITAL','eSewa payment','2023-08-27','2026-01-06'),
    ('TXN000113','AC000103',2039.38,'2023-09-01','NPR','BR002','DIGITAL','Remittance received','2023-09-01','2025-10-02'),
    ('TXN000274','AC000031',5402.83,'2023-09-01','NPR','BR013','DIGITAL','eSewa payment','2023-09-01','2025-09-30'),
    ('TXN000249','AC000146',36074.75,'2023-09-03','NPR','BR002','DIGITAL','Internet banking payment','2023-09-03','2026-03-12'),
    ('TXN000387','AC000014',1395.54,'2023-09-03','NPR','BR021','IN_BRANCH','Account opening deposit','2023-09-03','2024-12-24'),
    ('TXN000319','AC000060',35932.32,'2023-09-04','NPR','BR020','IN_BRANCH','Demand draft issuance','2023-09-04','2026-04-21'),
    ('TXN000429','AC000105',750.29,'2023-09-10','NPR','BR007','DIGITAL','eSewa payment','2023-09-10','2026-04-07'),
    ('TXN000145','AC000105',29666.7,'2023-09-12','NPR','BR010','IN_BRANCH','Cash deposit at branch counter','2023-09-12','2023-10-08'),
    ('TXN000272','AC000041',3668.36,'2023-09-13','INR','BR021','DIGITAL','Fonepay transfer','2023-09-13','2025-09-20'),
    ('TXN000306','AC000054',2736.23,'2023-09-17','NPR','BR024','DIGITAL','eSewa payment','2023-09-17','2025-08-28'),
    ('TXN000419','AC000012',46618.84,'2023-09-21','NPR','BR004','DIGITAL','Internet banking payment','2023-09-21','2026-03-25'),
    ('TXN000441','AC000134',31042.13,'2023-09-23','NPR','BR021','DIGITAL','Online bill payment','2023-09-23','2025-03-18'),
    ('TXN000196','AC000141',8032.26,'2023-09-25','AED','BR003','DIGITAL','ConnectIPS transfer','2023-09-25','2024-02-03'),
    ('TXN000407','AC000138',15485.12,'2023-09-29','AUD','BR005','DIGITAL','Salary credit','2023-09-29','2026-04-14'),
    ('TXN000332','AC000034',117.31,'2023-10-19','NPR','BR007','DIGITAL','Mobile banking transfer','2023-10-19','2025-07-02'),
    ('TXN000201','AC000068',4443.05,'2023-11-05','NPR','BR024','DIGITAL','UPI transfer','2023-11-05','2025-06-22'),
    ('TXN000037','AC000107',2314.76,'2023-11-22','NPR','BR013','DIGITAL','Online bill payment','2023-11-22','2026-05-08'),
    ('TXN000213','AC000132',91586.18,'2023-11-25','NPR','BR002','DIGITAL','ATM withdrawal','2023-11-25','2025-06-24'),
    ('TXN000222','AC000066',126.8,'2023-12-01','NPR','BR007','IN_BRANCH','DD payment at branch','2023-12-01','2025-11-04'),
    ('TXN000254','AC000102',40144.05,'2023-12-03','NPR','BR009','DIGITAL','Direct bank transfer','2023-12-03','2024-05-22'),
    ('TXN000338','AC000075',759.27,'2023-12-11','NPR','BR016','IN_BRANCH','DD payment at branch','2023-12-11','2025-08-28'),
    ('TXN000350','AC000023',4397.54,'2023-12-12','NPR','BR016','IN_BRANCH','Cash withdrawal at branch','2023-12-12','2024-12-29'),
    ('TXN000180','AC000078',29757.66,'2023-12-13','NPR','BR016','IN_BRANCH','Cheque deposit at branch','2023-12-13','2025-05-29'),
    ('TXN000083','AC000057',64648.75,'2023-12-21','NPR','BR001','IN_BRANCH','Demand draft issuance','2023-12-21','2024-08-15'),
    ('TXN000324','AC000028',2338.81,'2024-01-07','INR','BR015','IN_BRANCH','Cash deposit at branch counter','2024-01-07','2025-07-31'),
    ('TXN000260','AC000145',2664.95,'2024-01-11','NPR','BR014','IN_BRANCH','Cash withdrawal at branch','2024-01-11','2025-04-07'),
    ('TXN000013','AC000123',27798.06,'2024-01-19','NPR','BR019','IN_BRANCH','Account transfer at branch','2024-01-19','2026-01-06'),
    ('TXN000066','AC000095',49900.42,'2024-01-25','NPR','BR019','DIGITAL','Fonepay transfer','2024-01-25','2024-06-27'),
    ('TXN000080','AC000009',3133.97,'2024-02-02','NPR','BR020','DIGITAL','Internet banking payment','2024-02-02','2024-11-14'),
    ('TXN000109','AC000082',3662.8,'2024-02-05','NPR','BR030','IN_BRANCH','Loan EMI payment at branch','2024-02-05','2025-07-21'),
    ('TXN000105','AC000022',1784.58,'2024-02-08','NPR','BR022','IN_BRANCH','Fixed deposit creation','2024-02-08','2026-05-26'),
    ('TXN000003','AC000111',2829.23,'2024-02-10','NPR','BR015','IN_BRANCH','Demand draft issuance','2024-02-10','2026-04-23'),
    ('TXN000373','AC000104',2232.43,'2024-02-12','NPR','BR013','IN_BRANCH','Account transfer at branch','2024-02-12','2026-06-21'),
    ('TXN000363','AC000148',2588.95,'2024-02-13','NPR','BR005','DIGITAL','IME Pay transfer','2024-02-13','2024-12-18'),
    ('TXN000276','AC000040',2728.13,'2024-02-18','USD','BR023','DIGITAL','IME Pay transfer','2024-02-18','2025-02-07'),
    ('TXN000287','AC000099',192507.35,'2024-02-18','NPR','BR007','DIGITAL','Direct bank transfer','2024-02-18','2026-03-23'),
    ('TXN000310','AC000125',99719.6,'2024-02-23','NPR','BR028','DIGITAL','Mobile banking transfer','2024-02-23','2024-04-03'),
    ('TXN000182','AC000085',1538.51,'2024-02-24','NPR','BR012','DIGITAL','POS terminal payment','2024-02-24','2024-03-04'),
    ('TXN000174','AC000139',25367.3,'2024-02-25','NPR','BR002','DIGITAL','Online bill payment','2024-02-25','2025-12-18'),
    ('TXN000290','AC000096',24377.03,'2024-02-28','NPR','BR014','DIGITAL','Direct bank transfer','2024-02-28','2026-04-22'),
    ('TXN000117','AC000017',3576.89,'2024-03-10','SGD','BR010','IN_BRANCH','DD payment at branch','2024-03-10','2024-10-01'),
    ('TXN000294','AC000068',4459.16,'2024-03-14','NPR','BR012','IN_BRANCH','DD payment at branch','2024-03-14','2026-04-04'),
    ('TXN000212','AC000054',890.11,'2024-03-20','NPR','BR019','DIGITAL','eSewa payment','2024-03-20','2025-12-24'),
    ('TXN000234','AC000088',48051.96,'2024-03-23','NPR','BR004','IN_BRANCH','KYC update transaction','2024-03-23','2025-04-13'),
    ('TXN000377','AC000128',117313.34,'2024-03-26','NPR','BR028','IN_BRANCH','Cash deposit at branch counter','2024-03-26','2025-10-28'),
    ('TXN000347','AC000134',2868.22,'2024-03-28','NPR','BR010','DIGITAL','IME Pay transfer','2024-03-28','2026-06-20'),
    ('TXN000426','AC000072',3677.09,'2024-04-01','NPR','BR001','IN_BRANCH','Demand draft issuance','2024-04-01','2024-08-31'),
    ('TXN000131','AC000150',10301.05,'2024-04-03','NPR','BR010','DIGITAL','Internet banking payment','2024-04-03','2025-07-30'),
    ('TXN000231','AC000041',4984.4,'2024-04-15','INR','BR003','IN_BRANCH','Cash deposit at branch counter','2024-04-15','2026-05-09'),
    ('TXN000055','AC000021',4612.53,'2024-04-16','NPR','BR017','DIGITAL','UPI transfer','2024-04-16','2026-02-10'),
    ('TXN000283','AC000009',22487.56,'2024-04-23','NPR','BR019','IN_BRANCH','Account transfer at branch','2024-04-23','2024-12-05'),
    ('TXN000138','AC000043',18419.8,'2024-05-06','NPR','BR003','DIGITAL','Direct bank transfer','2024-05-06','2026-04-09'),
    ('TXN000126','AC000039',45486.02,'2024-05-13','NPR','BR017','DIGITAL','ConnectIPS transfer','2024-05-13','2026-04-10'),
    ('TXN000333','AC000127',1162.68,'2024-05-16','NPR','BR008','DIGITAL','Fonepay transfer','2024-05-16','2025-11-27'),
    ('TXN000159','AC000027',2120.46,'2024-05-22','NPR','BR013','DIGITAL','POS terminal payment','2024-05-22','2025-03-29'),
    ('TXN000318','AC000071',9805.61,'2024-06-07','NPR','BR005','DIGITAL','ATM withdrawal','2024-06-07','2026-01-08'),
    ('TXN000264','AC000057',33139.91,'2024-06-09','NPR','BR009','DIGITAL','POS terminal payment','2024-06-09','2025-03-14'),
    ('TXN000204','AC000102',34820.87,'2024-06-11','NPR','BR012','DIGITAL','IME Pay transfer','2024-06-11','2025-11-19'),
    ('TXN000342','AC000031',2377.94,'2024-06-14','NPR','BR001','DIGITAL','Direct bank transfer','2024-06-14','2024-07-30'),
    ('TXN000047','AC000043',237067.46,'2024-06-15','NPR','BR015','DIGITAL','UPI transfer','2024-06-15','2025-01-23'),
    ('TXN000054','AC000129',2135.62,'2024-06-15','NPR','BR025','IN_BRANCH','Cash withdrawal at branch','2024-06-15','2025-04-28'),
    ('TXN000449','AC000123',296.4,'2024-06-18','NPR','BR029','DIGITAL','Salary credit','2024-06-18','2025-06-18'),
    ('TXN000443','AC000074',121096.22,'2024-06-20','NPR','BR025','DIGITAL','Online bill payment','2024-06-20','2025-12-20'),
    ('TXN000416','AC000108',296650.89,'2024-06-21','NPR','BR001','IN_BRANCH','Account opening deposit','2024-06-21','2025-11-22'),
    ('TXN000006','AC000108',2472.73,'2024-07-04','NPR','BR010','DIGITAL','ATM withdrawal','2024-07-04','2025-01-20'),
    ('TXN000348','AC000091',57794.26,'2024-07-07','NPR','BR003','DIGITAL','eSewa payment','2024-07-07','2026-02-11'),
    ('TXN000169','AC000077',227968.88,'2024-07-19','NPR','BR027','IN_BRANCH','DD payment at branch','2024-07-19','2026-04-19'),
    ('TXN000009','AC000123',22921.38,'2024-07-20','NPR','BR011','DIGITAL','ATM withdrawal','2024-07-20','2025-03-25'),
    ('TXN000297','AC000031',262369.69,'2024-07-22','NPR','BR028','DIGITAL','Direct bank transfer','2024-07-22','2024-09-15'),
    ('TXN000386','AC000127',4968.57,'2024-07-29','NPR','BR025','IN_BRANCH','Demand draft issuance','2024-07-29','2025-07-17'),
    ('TXN000393','AC000024',258864.95,'2024-07-30','NPR','BR002','IN_BRANCH','Cash withdrawal at branch','2024-07-30','2024-10-26'),
    ('TXN000424','AC000044',44888.52,'2024-07-30','NPR','BR025','DIGITAL','Remittance received','2024-07-30','2025-01-20'),
    ('TXN000023','AC000084',2342.0,'2024-08-01','NPR','BR007','IN_BRANCH','Fixed deposit creation','2024-08-01','2026-04-18');

-- hist_transactional batch 4
INSERT INTO hist_transactional
    (tran_id,account_id,tran_amount,tran_date,tran_crncy,branch_id,tran_particular,tran_remarks,created_date,modified_date)
VALUES
    ('TXN000090','AC000087',1680.76,'2024-08-02','EUR','BR010','DIGITAL','POS terminal payment','2024-08-02','2025-06-22'),
    ('TXN000414','AC000107',4056.32,'2024-08-03','NPR','BR023','IN_BRANCH','KYC update transaction','2024-08-03','2025-09-28'),
    ('TXN000026','AC000036',13359.73,'2024-08-14','NPR','BR019','DIGITAL','eSewa payment','2024-08-14','2026-03-05'),
    ('TXN000397','AC000046',440.05,'2024-08-14','NPR','BR015','DIGITAL','eSewa payment','2024-08-14','2026-02-18'),
    ('TXN000374','AC000107',1513.51,'2024-08-20','NPR','BR005','IN_BRANCH','KYC update transaction','2024-08-20','2026-06-24'),
    ('TXN000141','AC000066',7187.36,'2024-08-31','NPR','BR025','DIGITAL','Mobile banking transfer','2024-08-31','2024-12-27'),
    ('TXN000208','AC000068',2767.32,'2024-08-31','NPR','BR019','DIGITAL','Internet banking payment','2024-08-31','2026-02-11'),
    ('TXN000229','AC000015',4119.12,'2024-09-07','NPR','BR025','DIGITAL','Dividend credit','2024-09-07','2025-06-26'),
    ('TXN000330','AC000097',1964.97,'2024-09-12','NPR','BR018','DIGITAL','eSewa payment','2024-09-12','2025-02-07'),
    ('TXN000175','AC000144',1264.22,'2024-09-22','AUD','BR013','IN_BRANCH','Fixed deposit creation','2024-09-22','2025-10-23'),
    ('TXN000171','AC000083',665.49,'2024-09-28','SGD','BR023','DIGITAL','POS terminal payment','2024-09-28','2026-03-28'),
    ('TXN000206','AC000011',3831.21,'2024-10-01','NPR','BR008','IN_BRANCH','Account transfer at branch','2024-10-01','2025-11-02'),
    ('TXN000355','AC000054',17896.25,'2024-10-06','NPR','BR011','IN_BRANCH','Cheque deposit at branch','2024-10-06','2025-03-16'),
    ('TXN000391','AC000050',1753.29,'2024-10-09','NPR','BR017','IN_BRANCH','Cash withdrawal at branch','2024-10-09','2024-10-21'),
    ('TXN000189','AC000067',2001.36,'2024-10-10','NPR','BR014','IN_BRANCH','Cash deposit at branch counter','2024-10-10','2024-12-13'),
    ('TXN000024','AC000101',659.74,'2024-10-11','NPR','BR019','DIGITAL','QR payment at merchant','2024-10-11','2026-07-02'),
    ('TXN000230','AC000050',27975.14,'2024-10-12','NPR','BR002','IN_BRANCH','DD payment at branch','2024-10-12','2024-10-12'),
    ('TXN000192','AC000101',4007.67,'2024-10-19','NPR','BR026','DIGITAL','IME Pay transfer','2024-10-19','2025-11-05'),
    ('TXN000271','AC000118',3877.88,'2024-10-27','NPR','BR024','DIGITAL','Remittance received','2024-10-27','2025-09-22'),
    ('TXN000369','AC000039',2703.15,'2024-10-27','NPR','BR015','DIGITAL','QR payment at merchant','2024-10-27','2026-06-02'),
    ('TXN000040','AC000087',2931.87,'2024-10-29','EUR','BR018','DIGITAL','Mobile banking transfer','2024-10-29','2025-02-07'),
    ('TXN000028','AC000035',4094.56,'2024-11-03','NPR','BR007','DIGITAL','Online bill payment','2024-11-03','2026-01-31'),
    ('TXN000150','AC000088',23011.86,'2024-11-13','NPR','BR006','DIGITAL','IME Pay transfer','2024-11-13','2026-01-18'),
    ('TXN000025','AC000022',756.34,'2024-11-21','NPR','BR022','IN_BRANCH','Fixed deposit creation','2024-11-21','2026-01-23'),
    ('TXN000142','AC000107',1963.24,'2024-11-24','NPR','BR015','DIGITAL','Mobile banking transfer','2024-11-24','2025-09-28'),
    ('TXN000114','AC000006',4105.19,'2024-11-26','NPR','BR011','DIGITAL','UPI transfer','2024-11-26','2025-07-17'),
    ('TXN000243','AC000129',93700.92,'2024-12-01','NPR','BR012','DIGITAL','ConnectIPS transfer','2024-12-01','2024-12-09'),
    ('TXN000255','AC000048',215505.97,'2024-12-06','NPR','BR028','DIGITAL','Fonepay transfer','2024-12-06','2025-05-25'),
    ('TXN000236','AC000124',1363.32,'2024-12-07','SGD','BR004','IN_BRANCH','Account transfer at branch','2024-12-07','2026-02-02'),
    ('TXN000092','AC000097',3696.58,'2024-12-08','NPR','BR010','DIGITAL','Direct bank transfer','2024-12-08','2025-01-10'),
    ('TXN000162','AC000088',4166.43,'2024-12-08','NPR','BR012','IN_BRANCH','Cheque deposit at branch','2024-12-08','2026-04-26'),
    ('TXN000295','AC000020',26714.51,'2024-12-10','NPR','BR024','DIGITAL','Remittance received','2024-12-10','2025-03-17'),
    ('TXN000430','AC000147',2959.93,'2024-12-11','NPR','BR024','DIGITAL','IME Pay transfer','2024-12-11','2025-12-25'),
    ('TXN000043','AC000102',36475.16,'2024-12-12','NPR','BR021','IN_BRANCH','DD payment at branch','2024-12-12','2026-04-14'),
    ('TXN000207','AC000121',2327.75,'2024-12-12','AUD','BR030','DIGITAL','POS terminal payment','2024-12-12','2025-09-18'),
    ('TXN000089','AC000037',643.51,'2024-12-13','NPR','BR025','DIGITAL','Direct bank transfer','2024-12-13','2025-03-26'),
    ('TXN000413','AC000041',51806.99,'2024-12-18','INR','BR001','DIGITAL','Remittance received','2024-12-18','2025-10-04'),
    ('TXN000341','AC000134',27163.21,'2024-12-22','NPR','BR024','IN_BRANCH','DD payment at branch','2024-12-22','2024-12-23'),
    ('TXN000211','AC000093',10325.74,'2025-01-15','NPR','BR020','IN_BRANCH','KYC update transaction','2025-01-15','2026-05-20'),
    ('TXN000280','AC000048',191.73,'2025-01-16','NPR','BR029','IN_BRANCH','Account opening deposit','2025-01-16','2026-02-16'),
    ('TXN000339','AC000015',2899.7,'2025-01-22','NPR','BR004','DIGITAL','Remittance received','2025-01-22','2025-11-12'),
    ('TXN000313','AC000143',1205.36,'2025-02-03','GBP','BR009','IN_BRANCH','Demand draft issuance','2025-02-03','2025-09-23'),
    ('TXN000378','AC000124',1906.04,'2025-02-04','SGD','BR023','DIGITAL','UPI transfer','2025-02-04','2025-11-17'),
    ('TXN000278','AC000076',3515.49,'2025-02-08','NPR','BR018','DIGITAL','UPI transfer','2025-02-08','2025-07-22'),
    ('TXN000038','AC000095',19728.69,'2025-02-09','NPR','BR015','IN_BRANCH','KYC update transaction','2025-02-09','2025-12-31'),
    ('TXN000084','AC000041',15852.63,'2025-02-18','INR','BR004','IN_BRANCH','DD payment at branch','2025-02-18','2025-12-09'),
    ('TXN000304','AC000060',3458.26,'2025-02-23','NPR','BR007','IN_BRANCH','Demand draft issuance','2025-02-23','2026-06-12'),
    ('TXN000062','AC000039',188216.64,'2025-02-25','NPR','BR006','DIGITAL','Fonepay transfer','2025-02-25','2025-08-08'),
    ('TXN000379','AC000120',483.35,'2025-02-27','NPR','BR017','DIGITAL','POS terminal payment','2025-02-27','2025-04-07'),
    ('TXN000075','AC000067',4954.32,'2025-03-13','NPR','BR027','DIGITAL','Internet banking payment','2025-03-13','2025-11-04'),
    ('TXN000058','AC000089',2634.39,'2025-03-16','USD','BR017','DIGITAL','QR payment at merchant','2025-03-16','2026-03-26'),
    ('TXN000136','AC000002',37879.93,'2025-03-31','NPR','BR002','DIGITAL','Fonepay transfer','2025-03-31','2025-04-09'),
    ('TXN000148','AC000075',4027.82,'2025-04-02','NPR','BR012','DIGITAL','Mobile banking transfer','2025-04-02','2026-06-12'),
    ('TXN000261','AC000079',2119.8,'2025-04-02','NPR','BR012','DIGITAL','ConnectIPS transfer','2025-04-02','2025-08-26'),
    ('TXN000337','AC000010',19527.66,'2025-04-03','NPR','BR003','DIGITAL','Dividend credit','2025-04-03','2025-05-06'),
    ('TXN000275','AC000023',204661.6,'2025-04-05','NPR','BR008','DIGITAL','Mobile banking transfer','2025-04-05','2025-10-04'),
    ('TXN000300','AC000141',22934.32,'2025-04-10','AED','BR013','IN_BRANCH','Account opening deposit','2025-04-10','2025-07-20'),
    ('TXN000052','AC000034',30577.55,'2025-04-12','NPR','BR013','DIGITAL','IME Pay transfer','2025-04-12','2025-05-19'),
    ('TXN000240','AC000028',35411.87,'2025-04-15','INR','BR004','DIGITAL','Mobile banking transfer','2025-04-15','2026-06-23'),
    ('TXN000427','AC000147',124.88,'2025-04-24','NPR','BR029','DIGITAL','Direct bank transfer','2025-04-24','2026-01-20'),
    ('TXN000395','AC000076',163361.49,'2025-04-25','NPR','BR015','DIGITAL','Remittance received','2025-04-25','2026-04-01'),
    ('TXN000256','AC000102',568.21,'2025-04-28','NPR','BR004','IN_BRANCH','Cash withdrawal at branch','2025-04-28','2025-06-20'),
    ('TXN000296','AC000077',3680.87,'2025-04-28','NPR','BR002','IN_BRANCH','Fixed deposit creation','2025-04-28','2025-11-27'),
    ('TXN000400','AC000039',22610.48,'2025-04-28','NPR','BR023','DIGITAL','Direct bank transfer','2025-04-28','2025-11-20'),
    ('TXN000367','AC000046',8133.27,'2025-04-29','NPR','BR010','DIGITAL','ConnectIPS transfer','2025-04-29','2026-01-07'),
    ('TXN000186','AC000043',5330.87,'2025-05-04','NPR','BR025','IN_BRANCH','Fixed deposit creation','2025-05-04','2025-06-26'),
    ('TXN000111','AC000146',2955.12,'2025-05-16','NPR','BR019','IN_BRANCH','Loan EMI payment at branch','2025-05-16','2026-02-14'),
    ('TXN000146','AC000023',173526.51,'2025-05-16','NPR','BR030','DIGITAL','Online bill payment','2025-05-16','2026-05-21'),
    ('TXN000001','AC000076',1307.6,'2025-05-25','NPR','BR026','DIGITAL','Online bill payment','2025-05-25','2025-12-10'),
    ('TXN000248','AC000128',43222.7,'2025-05-28','NPR','BR005','DIGITAL','QR payment at merchant','2025-05-28','2026-03-11'),
    ('TXN000190','AC000150',3534.32,'2025-05-31','NPR','BR002','DIGITAL','ATM withdrawal','2025-05-31','2025-07-14'),
    ('TXN000130','AC000086',537.57,'2025-06-03','NPR','BR021','DIGITAL','ConnectIPS transfer','2025-06-03','2025-10-14'),
    ('TXN000375','AC000112',514.85,'2025-06-04','NPR','BR005','DIGITAL','Remittance received','2025-06-04','2026-01-07'),
    ('TXN000012','AC000128',15891.71,'2025-06-05','NPR','BR005','IN_BRANCH','KYC update transaction','2025-06-05','2026-04-07'),
    ('TXN000053','AC000005',430.91,'2025-06-05','NPR','BR019','IN_BRANCH','Loan EMI payment at branch','2025-06-05','2026-04-22'),
    ('TXN000442','AC000141',2344.23,'2025-06-05','AED','BR015','IN_BRANCH','KYC update transaction','2025-06-05','2025-12-12'),
    ('TXN000268','AC000088',1626.73,'2025-06-09','NPR','BR014','IN_BRANCH','Cash withdrawal at branch','2025-06-09','2026-06-28'),
    ('TXN000417','AC000057',3874.62,'2025-06-20','NPR','BR015','IN_BRANCH','KYC update transaction','2025-06-20','2026-03-01'),
    ('TXN000345','AC000045',218118.57,'2025-06-21','NPR','BR007','IN_BRANCH','Cheque deposit at branch','2025-06-21','2026-02-22'),
    ('TXN000409','AC000044',2996.11,'2025-06-25','NPR','BR027','DIGITAL','Internet banking payment','2025-06-25','2025-10-06'),
    ('TXN000022','AC000055',1463.89,'2025-06-26','NPR','BR007','DIGITAL','eSewa payment','2025-06-26','2025-12-30'),
    ('TXN000081','AC000099',2154.25,'2025-07-01','NPR','BR005','DIGITAL','Mobile banking transfer','2025-07-01','2026-01-12'),
    ('TXN000406','AC000010',374.67,'2025-07-11','NPR','BR011','DIGITAL','Dividend credit','2025-07-11','2026-03-02'),
    ('TXN000359','AC000115',19955.61,'2025-07-16','AUD','BR020','DIGITAL','Remittance received','2025-07-16','2026-03-11'),
    ('TXN000368','AC000016',11252.11,'2025-07-17','NPR','BR003','IN_BRANCH','Cheque deposit at branch','2025-07-17','2026-06-20'),
    ('TXN000246','AC000103',30713.87,'2025-07-26','NPR','BR009','IN_BRANCH','Loan EMI payment at branch','2025-07-26','2025-11-23'),
    ('TXN000346','AC000040',2357.03,'2025-07-26','USD','BR021','DIGITAL','Online bill payment','2025-07-26','2025-08-23'),
    ('TXN000187','AC000053',4160.87,'2025-07-31','NPR','BR018','DIGITAL','Online bill payment','2025-07-31','2025-10-17'),
    ('TXN000094','AC000020',209047.06,'2025-08-10','NPR','BR008','DIGITAL','POS terminal payment','2025-08-10','2026-01-28'),
    ('TXN000200','AC000125',633.28,'2025-08-20','NPR','BR018','IN_BRANCH','Account opening deposit','2025-08-20','2025-11-28'),
    ('TXN000102','AC000052',226.1,'2025-09-25','NPR','BR004','IN_BRANCH','Fixed deposit creation','2025-09-25','2026-05-24'),
    ('TXN000194','AC000054',102935.02,'2025-10-10','NPR','BR024','DIGITAL','eSewa payment','2025-10-10','2026-01-12'),
    ('TXN000195','AC000057',13745.49,'2025-10-12','NPR','BR020','IN_BRANCH','Account opening deposit','2025-10-12','2026-06-05'),
    ('TXN000308','AC000014',3308.31,'2025-10-12','NPR','BR015','DIGITAL','ConnectIPS transfer','2025-10-12','2025-12-06'),
    ('TXN000223','AC000081',1875.12,'2025-10-17','NPR','BR014','DIGITAL','ATM withdrawal','2025-10-17','2026-04-22'),
    ('TXN000125','AC000077',7873.6,'2025-10-31','NPR','BR022','IN_BRANCH','Loan EMI payment at branch','2025-10-31','2025-12-18'),
    ('TXN000133','AC000088',4937.24,'2025-11-02','NPR','BR014','DIGITAL','IME Pay transfer','2025-11-02','2025-11-22'),
    ('TXN000152','AC000146',32509.93,'2025-11-02','NPR','BR022','DIGITAL','UPI transfer','2025-11-02','2026-05-07'),
    ('TXN000225','AC000065',2930.49,'2025-11-05','NPR','BR010','DIGITAL','Online bill payment','2025-11-05','2026-01-02'),
    ('TXN000027','AC000043',13420.25,'2025-11-08','NPR','BR016','IN_BRANCH','Cash deposit at branch counter','2025-11-08','2026-03-12');